file,class,type,cbo,cboModified,fanin,fanout,wmc,dit,noc,rfc,lcom,lcom*,tcc,lcc,totalMethodsQty,staticMethodsQty,publicMethodsQty,privateMethodsQty,protectedMethodsQty,defaultMethodsQty,visibleMethodsQty,abstractMethodsQty,finalMethodsQty,synchronizedMethodsQty,totalFieldsQty,staticFieldsQty,publicFieldsQty,privateFieldsQty,protectedFieldsQty,defaultFieldsQty,finalFieldsQty,synchronizedFieldsQty,nosi,loc,returnQty,loopQty,comparisonsQty,tryCatchQty,parenthesizedExpsQty,stringLiteralsQty,numbersQty,assignmentsQty,mathOperationsQty,variablesQty,maxNestedBlocksQty,anonymousClassesQty,innerClassesQty,lambdasQty,uniqueWordsQty,modifiers,logStatementsQty
C:\Users\Susmi\Desktop\4-1\TermPaperTool\ta4j\ta4j\ta4j\src\test\java\eu\verdelhan\ta4j\indicators\simple\PreviousPriceIndicatorTest.java,eu.verdelhan.ta4j.indicators.simple.PreviousPriceIndicatorTest,class,7,7,0,7,3,1,0,4,0,0.0,0.0,0.0,2,0,2,0,0,0,2,0,0,0,2,0,0,1,0,1,0,0,0,14,0,1,0,0,0,0,5,3,1,3,1,0,0,0,18,1,0
C:\Users\Susmi\Desktop\4-1\TermPaperTool\ta4j\ta4j\ta4j-examples\src\main\java\ta4jexamples\indicators\CandlestickChart.java,ta4jexamples.indicators.CandlestickChart,class,20,21,1,20,6,1,0,38,6,0.0,NaN,NaN,4,4,1,3,0,0,1,0,0,0,0,0,0,0,0,0,0,0,4,66,2,2,0,0,0,6,8,32,0,26,1,0,0,0,83,1,0
C:\Users\Susmi\Desktop\4-1\TermPaperTool\ta4j\ta4j\ta4j\src\test\java\eu\verdelhan\ta4j\strategies\AbstractStrategyTest.java,eu.verdelhan.ta4j.strategies.AbstractStrategyTest,class,6,6,0,6,5,1,0,9,0,0.5,0.0,0.0,4,0,4,0,0,0,4,0,0,0,6,0,0,6,0,0,0,0,0,52,0,1,0,0,0,0,36,10,0,10,1,0,0,0,23,1,0
C:\Users\Susmi\Desktop\4-1\TermPaperTool\ta4j\ta4j\ta4j-examples\src\main\java\ta4jexamples\indicators\IndicatorsToChart.java,ta4jexamples.indicators.IndicatorsToChart,class,19,20,1,19,4,1,0,22,3,0.0,NaN,NaN,3,3,1,2,0,0,1,0,0,0,0,0,0,0,0,0,0,0,5,37,1,1,0,0,0,8,3,14,0,14,1,0,0,0,80,1,0
C:\Users\Susmi\Desktop\4-1\TermPaperTool\ta4j\ta4j\ta4j\src\main\java\eu\verdelhan\ta4j\indicators\oscillators\AroonUpIndicator.java,eu.verdelhan.ta4j.indicators.oscillators.AroonUpIndicator,class,6,6,0,6,4,3,0,7,0,0.0,0.0,0.0,2,0,1,0,1,0,2,0,0,0,3,0,0,3,0,0,3,0,3,23,1,1,0,0,0,0,2,7,3,7,2,0,0,0,27,1,0
C:\Users\Susmi\Desktop\4-1\TermPaperTool\ta4j\ta4j\ta4j\src\main\java\eu\verdelhan\ta4j\Indicator.java,eu.verdelhan.ta4j.Indicator,interface,2,48,46,2,2,1,0,0,1,0.0,0.0,0.0,2,0,0,0,0,2,2,0,0,0,0,0,0,0,0,0,0,0,0,4,0,0,0,0,0,0,0,0,0,0,0,0,0,0,22,1,0
C:\Users\Susmi\Desktop\4-1\TermPaperTool\ta4j\ta4j\ta4j\src\main\java\eu\verdelhan\ta4j\strategies\OppositeStrategy.java,eu.verdelhan.ta4j.strategies.OppositeStrategy,class,2,4,2,2,3,2,0,4,0,0.0,0.0,0.0,3,0,3,0,0,0,3,0,0,0,1,0,0,1,0,0,0,0,0,16,2,0,0,0,0,0,0,3,0,3,0,0,0,0,24,1,0
C:\Users\Susmi\Desktop\4-1\TermPaperTool\ta4j\ta4j\ta4j\src\test\java\eu\verdelhan\ta4j\mocks\MockStrategy.java,eu.verdelhan.ta4j.mocks.MockStrategy,class,2,18,16,2,6,2,0,0,2,0.5,0.0,0.0,4,0,4,0,0,0,4,0,0,0,2,0,0,2,0,0,0,0,0,17,3,0,2,0,2,1,0,2,0,2,0,0,0,0,12,1,0
C:\Users\Susmi\Desktop\4-1\TermPaperTool\ta4j\ta4j\ta4j\src\main\java\eu\verdelhan\ta4j\strategies\AlwaysOperateStrategy.java,eu.verdelhan.ta4j.strategies.AlwaysOperateStrategy,class,1,4,3,1,3,2,0,4,3,0.0,0.0,0.0,3,0,3,0,0,0,3,0,0,0,0,0,0,0,0,0,0,0,0,13,3,0,0,0,0,0,0,0,0,0,0,0,0,0,18,1,0
C:\Users\Susmi\Desktop\4-1\TermPaperTool\ta4j\ta4j\ta4j\src\test\java\eu\verdelhan\ta4j\indicators\trackers\bollingerbands\BollingerBandsUpperIndicatorTest.java,eu.verdelhan.ta4j.indicators.trackers.bollingerbands.BollingerBandsUpperIndicatorTest,class,11,11,0,11,3,1,0,3,0,0.16666667,0.0,0.0,3,0,3,0,0,0,3,0,0,0,4,0,0,4,0,0,0,0,12,34,0,0,0,0,0,0,38,10,0,10,0,0,0,0,37,1,0
C:\Users\Susmi\Desktop\4-1\TermPaperTool\ta4j\ta4j\ta4j\src\test\java\eu\verdelhan\ta4j\indicators\simple\MinPriceIndicatorTest.java,eu.verdelhan.ta4j.indicators.simple.MinPriceIndicatorTest,class,7,7,0,7,3,1,0,4,0,0.0,0.0,0.0,2,0,2,0,0,0,2,0,0,0,2,0,0,1,0,1,0,0,0,13,0,1,0,0,0,0,2,3,0,3,1,0,0,0,18,1,0
C:\Users\Susmi\Desktop\4-1\TermPaperTool\ta4j\ta4j\ta4j\src\main\java\eu\verdelhan\ta4j\strategies\MaxValueStarterStrategy.java,eu.verdelhan.ta4j.strategies.MaxValueStarterStrategy,class,3,4,1,3,5,2,0,8,0,0.41666666,0.0,0.0,4,0,4,0,0,0,4,0,0,0,3,0,0,3,0,0,3,0,1,23,3,0,0,0,0,1,0,5,0,5,0,0,0,0,34,1,0
C:\Users\Susmi\Desktop\4-1\TermPaperTool\ta4j\ta4j\ta4j\src\test\java\eu\verdelhan\ta4j\indicators\simple\TypicalPriceIndicatorTest.java,eu.verdelhan.ta4j.indicators.simple.TypicalPriceIndicatorTest,class,8,8,0,8,3,1,0,8,0,0.0,0.0,0.0,2,0,2,0,0,0,2,0,0,0,2,0,0,1,0,1,0,0,0,15,0,1,0,0,0,0,2,5,0,5,1,0,0,0,23,1,0
C:\Users\Susmi\Desktop\4-1\TermPaperTool\ta4j\ta4j\ta4j\src\test\java\eu\verdelhan\ta4j\analysis\criteria\VersusBuyAndHoldCriterionTest.java,eu.verdelhan.ta4j.analysis.criteria.VersusBuyAndHoldCriterionTest,class,9,9,0,9,7,1,0,8,21,0.0,0.0,0.0,7,0,7,0,0,0,7,0,0,0,0,0,0,0,0,0,0,0,2,51,0,0,0,0,2,0,82,19,16,19,0,0,0,0,41,1,0
C:\Users\Susmi\Desktop\4-1\TermPaperTool\ta4j\ta4j\ta4j\src\main\java\eu\verdelhan\ta4j\analysis\criteria\BuyAndHoldCriterion.java,eu.verdelhan.ta4j.analysis.criteria.BuyAndHoldCriterion,class,6,9,3,6,5,2,0,10,3,0.0,0.0,0.0,3,0,3,0,0,0,3,0,0,0,0,0,0,0,0,0,0,0,0,18,4,0,0,0,0,0,0,2,0,2,1,0,0,0,25,1,0
C:\Users\Susmi\Desktop\4-1\TermPaperTool\ta4j\ta4j\ta4j\src\test\java\eu\verdelhan\ta4j\TATestsUtils.java,eu.verdelhan.ta4j.TATestsUtils,class,1,41,40,1,3,1,0,4,3,0.6666667,0.0,0.0,3,3,3,0,0,0,3,0,0,0,1,1,1,0,0,0,1,0,2,12,0,0,0,0,0,0,1,1,0,1,0,0,0,0,37,1,0
C:\Users\Susmi\Desktop\4-1\TermPaperTool\ta4j\ta4j\ta4j\src\test\java\eu\verdelhan\ta4j\strategies\NotSoFastStrategyTest.java,eu.verdelhan.ta4j.strategies.NotSoFastStrategyTest,class,5,5,0,5,3,1,0,4,0,0.4166667,0.0,0.0,3,0,3,0,0,0,3,0,0,0,4,0,0,4,0,0,0,0,0,31,0,0,0,0,0,0,21,5,0,4,0,0,0,0,19,1,0
C:\Users\Susmi\Desktop\4-1\TermPaperTool\ta4j\ta4j\ta4j\src\main\java\eu\verdelhan\ta4j\strategies\StopGainStrategy.java,eu.verdelhan.ta4j.strategies.StopGainStrategy,class,4,6,2,4,5,2,0,14,0,0.25,0.0,0.0,4,0,4,0,0,0,4,0,0,0,4,0,0,4,0,0,0,0,2,27,3,0,0,0,2,2,0,6,1,6,1,0,0,0,32,1,0
C:\Users\Susmi\Desktop\4-1\TermPaperTool\ta4j\ta4j\ta4j\src\test\java\eu\verdelhan\ta4j\indicators\helpers\DirectionalMovementUpIndicatorTest.java,eu.verdelhan.ta4j.indicators.helpers.DirectionalMovementUpIndicatorTest,class,7,7,0,7,4,1,0,3,6,0.0,0.0,0.0,4,0,4,0,0,0,4,0,0,0,0,0,0,0,0,0,0,0,4,42,0,0,0,0,0,0,40,20,0,20,0,0,0,0,21,1,0
C:\Users\Susmi\Desktop\4-1\TermPaperTool\ta4j\ta4j\ta4j\src\test\java\eu\verdelhan\ta4j\analysis\CashFlowTest.java,eu.verdelhan.ta4j.analysis.CashFlowTest,class,9,9,0,9,12,1,0,9,66,0.0,0.0,0.0,12,0,12,0,0,0,12,0,0,0,0,0,0,0,0,0,0,0,60,142,0,0,0,0,0,13,247,37,32,37,0,0,0,0,44,1,0
C:\Users\Susmi\Desktop\4-1\TermPaperTool\ta4j\ta4j\ta4j\src\main\java\eu\verdelhan\ta4j\indicators\trackers\bollingerbands\BollingerBandsUpperIndicator.java,eu.verdelhan.ta4j.indicators.trackers.bollingerbands.BollingerBandsUpperIndicator,class,5,7,2,5,3,3,0,8,0,0.0,0.0,0.0,3,0,2,0,1,0,3,0,0,0,2,0,0,2,0,0,2,0,0,15,2,0,0,0,0,2,0,2,1,2,0,0,0,0,32,1,0
C:\Users\Susmi\Desktop\4-1\TermPaperTool\ta4j\ta4j\ta4j\src\main\java\eu\verdelhan\ta4j\indicators\trackers\WilliamsRIndicator.java,eu.verdelhan.ta4j.indicators.trackers.WilliamsRIndicator,class,10,12,2,10,4,3,0,10,0,0.4375,0.0,0.0,4,0,3,0,1,0,4,0,0,0,4,0,0,4,0,0,2,0,1,26,2,0,0,0,2,1,0,8,0,8,0,0,0,0,31,1,0
C:\Users\Susmi\Desktop\4-1\TermPaperTool\ta4j\ta4j\ta4j\src\main\java\eu\verdelhan\ta4j\indicators\oscillators\CCIIndicator.java,eu.verdelhan.ta4j.indicators.oscillators.CCIIndicator,class,7,9,2,7,4,3,0,9,0,0.4,0.0,0.0,3,0,2,0,1,0,3,0,0,0,5,1,1,4,0,0,1,0,1,26,3,0,0,0,1,2,0,8,1,8,1,0,0,0,38,1,0
C:\Users\Susmi\Desktop\4-1\TermPaperTool\ta4j\ta4j\ta4j\src\main\java\eu\verdelhan\ta4j\indicators\trackers\bollingerbands\BollingerBandsLowerIndicator.java,eu.verdelhan.ta4j.indicators.trackers.bollingerbands.BollingerBandsLowerIndicator,class,5,7,2,5,3,3,0,8,0,0.0,0.0,0.0,3,0,2,0,1,0,3,0,0,0,2,0,0,2,0,0,2,0,0,15,2,0,0,0,0,2,0,2,1,2,0,0,0,0,32,1,0
C:\Users\Susmi\Desktop\4-1\TermPaperTool\ta4j\ta4j\ta4j\src\test\java\eu\verdelhan\ta4j\analysis\criteria\NumberOfTradesCriterionTest.java,eu.verdelhan.ta4j.analysis.criteria.NumberOfTradesCriterionTest,class,6,6,0,6,4,1,0,7,6,0.0,0.0,0.0,4,0,4,0,0,0,4,0,0,0,0,0,0,0,0,0,0,0,0,26,0,0,0,0,0,0,23,9,0,9,0,0,0,0,29,1,0
C:\Users\Susmi\Desktop\4-1\TermPaperTool\ta4j\ta4j\ta4j\src\test\java\eu\verdelhan\ta4j\indicators\oscillators\CCIIndicatorTest.java,eu.verdelhan.ta4j.indicators.oscillators.CCIIndicatorTest,class,9,9,0,9,4,1,0,4,0,0.25,0.0,0.0,2,0,2,0,0,0,2,0,0,0,2,0,0,2,0,0,0,0,6,23,0,2,0,0,0,0,54,6,1,6,1,0,0,0,28,1,0
C:\Users\Susmi\Desktop\4-1\TermPaperTool\ta4j\ta4j\ta4j\src\test\java\eu\verdelhan\ta4j\indicators\helpers\AverageGainIndicatorTest.java,eu.verdelhan.ta4j.indicators.helpers.AverageGainIndicatorTest,class,8,8,0,8,6,1,0,5,0,0.0,0.0,0.0,6,0,6,0,0,0,6,0,0,0,1,0,0,1,0,0,0,0,13,34,0,0,0,0,0,10,34,6,1,6,0,0,0,0,38,1,0
C:\Users\Susmi\Desktop\4-1\TermPaperTool\ta4j\ta4j\ta4j\src\main\java\eu\verdelhan\ta4j\strategies\AbstractStrategy.java,eu.verdelhan.ta4j.strategies.AbstractStrategy,class,6,33,27,6,8,1,21,8,13,0.6666667,0.0,0.0,6,0,4,0,2,0,6,0,0,0,1,0,0,0,1,0,1,0,0,27,6,0,0,0,0,2,0,1,0,1,1,0,0,0,32,1025,2
C:\Users\Susmi\Desktop\4-1\TermPaperTool\ta4j\ta4j\ta4j\src\test\java\eu\verdelhan\ta4j\indicators\oscillators\PPOIndicatorTest.java,eu.verdelhan.ta4j.indicators.oscillators.PPOIndicatorTest,class,8,8,0,8,2,1,0,2,0,0.25,0.0,0.0,2,0,2,0,0,0,2,0,0,0,2,0,0,2,0,0,0,0,5,16,0,0,0,0,0,0,42,3,0,3,0,0,0,0,23,1,0
C:\Users\Susmi\Desktop\4-1\TermPaperTool\ta4j\ta4j\ta4j\src\main\java\eu\verdelhan\ta4j\indicators\trackers\WMAIndicator.java,eu.verdelhan.ta4j.indicators.trackers.WMAIndicator,class,5,6,1,5,7,3,0,10,0,0.16666667,0.0,0.0,3,0,2,0,1,0,3,0,0,0,2,0,0,2,0,0,0,0,5,30,4,2,1,0,5,1,12,8,11,6,2,0,0,0,22,1,0
C:\Users\Susmi\Desktop\4-1\TermPaperTool\ta4j\ta4j\ta4j\src\test\java\eu\verdelhan\ta4j\indicators\helpers\DirectionalUpIndicatorTest.java,eu.verdelhan.ta4j.indicators.helpers.DirectionalUpIndicatorTest,class,7,7,0,7,1,1,0,4,0,0.0,NaN,NaN,1,0,1,0,0,0,1,0,0,0,0,0,0,0,0,0,0,0,5,17,0,0,0,0,16,0,84,3,53,3,0,0,0,0,22,1,0
C:\Users\Susmi\Desktop\4-1\TermPaperTool\ta4j\ta4j\ta4j\src\test\java\eu\verdelhan\ta4j\indicators\helpers\HighestValueIndicatorTest.java,eu.verdelhan.ta4j.indicators.helpers.HighestValueIndicatorTest,class,8,8,0,8,5,1,0,2,0,0.0,0.0,0.0,5,0,5,0,0,0,5,0,0,0,1,0,0,1,0,0,0,0,13,31,0,0,0,0,0,13,31,5,0,5,0,0,0,0,34,1,0
C:\Users\Susmi\Desktop\4-1\TermPaperTool\ta4j\ta4j\ta4j\src\main\java\eu\verdelhan\ta4j\Tick.java,eu.verdelhan.ta4j.Tick,class,4,71,67,4,28,1,1,13,86,0.81000006,0.0,0.0,20,0,20,0,0,0,20,0,0,0,10,0,0,10,0,0,0,0,10,105,14,0,6,0,1,5,2,26,0,10,1,0,0,0,77,1,0
C:\Users\Susmi\Desktop\4-1\TermPaperTool\ta4j\ta4j\ta4j\src\test\java\eu\verdelhan\ta4j\strategies\SupportStrategyTest.java,eu.verdelhan.ta4j.strategies.SupportStrategyTest,class,8,8,0,8,2,1,0,6,0,0.0,0.0,0.0,2,0,2,0,0,0,2,0,0,0,1,0,0,1,0,0,0,0,0,26,0,0,0,0,0,0,19,7,0,5,0,0,0,0,21,1,0
C:\Users\Susmi\Desktop\4-1\TermPaperTool\ta4j\ta4j\ta4j\src\main\java\eu\verdelhan\ta4j\Trade.java,eu.verdelhan.ta4j.Trade,class,3,53,50,3,23,1,0,8,0,0.44444442,0.0,0.0,12,0,12,0,0,0,12,0,0,0,3,0,0,3,0,0,0,0,0,57,9,0,7,0,8,4,2,6,4,4,2,0,0,0,52,1,0
C:\Users\Susmi\Desktop\4-1\TermPaperTool\ta4j\ta4j\ta4j\src\test\java\eu\verdelhan\ta4j\strategies\MinValueStarterStrategyTest.java,eu.verdelhan.ta4j.strategies.MinValueStarterStrategyTest,class,8,8,0,8,3,1,0,6,0,0.5555556,0.0,0.0,3,0,3,0,0,0,3,0,0,0,6,0,0,6,0,0,0,0,0,35,0,0,0,0,0,0,21,11,0,9,0,0,0,0,34,1,0
C:\Users\Susmi\Desktop\4-1\TermPaperTool\ta4j\ta4j\ta4j\src\main\java\eu\verdelhan\ta4j\analysis\criteria\AverageProfitableTradesCriterion.java,eu.verdelhan.ta4j.analysis.criteria.AverageProfitableTradesCriterion,class,6,9,3,6,9,2,0,9,3,0.0,0.0,0.0,3,0,3,0,0,0,3,0,0,0,0,0,0,0,0,0,0,0,0,35,3,1,0,0,2,0,3,9,1,7,2,0,0,0,31,1,0
C:\Users\Susmi\Desktop\4-1\TermPaperTool\ta4j\ta4j\ta4j\src\test\java\eu\verdelhan\ta4j\indicators\oscillators\StochasticOscillatorDIndicatorTest.java,eu.verdelhan.ta4j.indicators.oscillators.StochasticOscillatorDIndicatorTest,class,9,9,0,9,4,1,0,3,0,0.0,0.0,0.0,4,0,4,0,0,0,4,0,0,0,1,0,0,1,0,0,0,0,0,43,0,0,0,0,0,0,76,11,0,11,0,0,0,0,34,1,0
C:\Users\Susmi\Desktop\4-1\TermPaperTool\ta4j\ta4j\ta4j\src\test\java\eu\verdelhan\ta4j\OperationTest.java,eu.verdelhan.ta4j.OperationTest,class,3,3,0,3,3,1,0,8,0,0.16666667,0.0,0.0,3,0,3,0,0,0,3,0,0,0,1,0,0,0,0,1,0,0,0,22,0,0,0,0,0,0,4,4,0,4,0,0,0,0,16,1,0
C:\Users\Susmi\Desktop\4-1\TermPaperTool\ta4j\ta4j\ta4j\src\test\java\eu\verdelhan\ta4j\indicators\simple\OpenPriceIndicatorTest.java,eu.verdelhan.ta4j.indicators.simple.OpenPriceIndicatorTest,class,7,7,0,7,3,1,0,4,0,0.0,0.0,0.0,2,0,2,0,0,0,2,0,0,0,2,0,0,1,0,1,0,0,0,13,0,1,0,0,0,0,2,3,0,3,1,0,0,0,18,1,0
C:\Users\Susmi\Desktop\4-1\TermPaperTool\ta4j\ta4j\ta4j\src\test\java\eu\verdelhan\ta4j\indicators\trackers\AverageDirectionalMovementIndicatorTest.java,eu.verdelhan.ta4j.indicators.trackers.AverageDirectionalMovementIndicatorTest,class,7,7,0,7,1,1,0,4,0,0.0,NaN,NaN,1,0,1,0,0,0,1,0,0,0,0,0,0,0,0,0,0,0,3,19,0,0,0,0,16,0,67,9,53,7,0,0,0,0,26,1,0
C:\Users\Susmi\Desktop\4-1\TermPaperTool\ta4j\ta4j\ta4j\src\test\java\eu\verdelhan\ta4j\analysis\criteria\BuyAndHoldCriterionTest.java,eu.verdelhan.ta4j.analysis.criteria.BuyAndHoldCriterionTest,class,6,6,0,6,5,1,0,7,10,0.0,0.0,0.0,5,0,5,0,0,0,5,0,0,0,0,0,0,0,0,0,0,0,0,35,0,0,0,0,0,0,39,13,1,13,0,0,0,0,31,1,0
C:\Users\Susmi\Desktop\4-1\TermPaperTool\ta4j\ta4j\ta4j\src\main\java\eu\verdelhan\ta4j\indicators\simple\TradeCountIndicator.java,eu.verdelhan.ta4j.indicators.simple.TradeCountIndicator,class,4,5,1,4,2,3,0,3,0,0.0,0.0,0.0,2,0,1,0,1,0,2,0,0,0,1,0,0,1,0,0,0,0,0,10,1,0,0,0,0,0,0,1,0,1,0,0,0,0,11,1,0
C:\Users\Susmi\Desktop\4-1\TermPaperTool\ta4j\ta4j\ta4j\src\test\java\eu\verdelhan\ta4j\analysis\criteria\LinearTransactionCostCriterionTest.java,eu.verdelhan.ta4j.analysis.criteria.LinearTransactionCostCriterionTest,class,6,6,0,6,4,1,0,8,6,0.0,0.0,0.0,4,0,4,0,0,0,4,0,0,0,0,0,0,0,0,0,0,0,0,47,0,0,0,0,0,0,58,12,0,12,0,0,0,0,27,1,0
C:\Users\Susmi\Desktop\4-1\TermPaperTool\ta4j\ta4j\ta4j\src\main\java\eu\verdelhan\ta4j\analysis\criteria\VersusBuyAndHoldCriterion.java,eu.verdelhan.ta4j.analysis.criteria.VersusBuyAndHoldCriterion,class,6,10,4,6,6,2,0,10,4,0.4,0.0,0.0,5,0,5,0,0,0,5,0,0,0,1,0,0,1,0,0,0,0,0,24,4,0,0,0,0,1,0,4,1,4,0,0,0,0,37,1,0
C:\Users\Susmi\Desktop\4-1\TermPaperTool\ta4j\ta4j\ta4j\src\main\java\eu\verdelhan\ta4j\indicators\simple\VolumeIndicator.java,eu.verdelhan.ta4j.indicators.simple.VolumeIndicator,class,5,6,1,5,2,3,0,3,0,0.0,0.0,0.0,2,0,1,0,1,0,2,0,0,0,1,0,0,1,0,0,0,0,0,10,1,0,0,0,0,0,0,1,0,1,0,0,0,0,11,1,0
C:\Users\Susmi\Desktop\4-1\TermPaperTool\ta4j\ta4j\ta4j\src\main\java\eu\verdelhan\ta4j\strategies\NotSoFastStrategy.java,eu.verdelhan.ta4j.strategies.NotSoFastStrategy,class,2,3,1,2,6,2,0,6,0,0.25,0.0,0.0,4,0,4,0,0,0,4,0,0,0,3,0,0,3,0,0,0,0,0,25,3,0,0,0,2,2,0,5,2,5,1,0,0,0,38,1,0
C:\Users\Susmi\Desktop\4-1\TermPaperTool\ta4j\ta4j\ta4j\src\main\java\eu\verdelhan\ta4j\analysis\criteria\AverageProfitCriterion.java,eu.verdelhan.ta4j.analysis.criteria.AverageProfitCriterion,class,7,12,5,7,5,2,0,4,3,0.6666667,0.0,0.0,3,0,3,0,0,0,3,0,0,0,2,0,0,2,0,0,0,0,1,19,4,0,1,0,0,0,3,4,1,4,1,0,0,0,28,1,0
C:\Users\Susmi\Desktop\4-1\TermPaperTool\ta4j\ta4j\ta4j\src\main\java\eu\verdelhan\ta4j\indicators\trackers\MACDIndicator.java,eu.verdelhan.ta4j.indicators.trackers.MACDIndicator,class,5,6,1,5,3,3,0,4,0,0.0,0.0,0.0,2,0,1,0,1,0,2,0,0,0,2,0,0,2,0,0,2,0,0,15,1,0,0,0,0,1,0,2,0,2,1,0,0,0,32,1,0
C:\Users\Susmi\Desktop\4-1\TermPaperTool\ta4j\ta4j\ta4j\src\main\java\eu\verdelhan\ta4j\AnalysisCriterion.java,eu.verdelhan.ta4j.AnalysisCriterion,interface,3,19,16,3,4,1,0,0,6,0.0,0.0,0.0,4,0,0,0,0,4,4,0,0,0,0,0,0,0,0,0,0,0,0,6,0,0,0,0,0,0,0,0,0,0,0,0,0,0,48,1,0
C:\Users\Susmi\Desktop\4-1\TermPaperTool\ta4j\ta4j\ta4j-examples\src\main\java\ta4jexamples\strategies\GlobalExtremaStrategy.java,ta4jexamples.strategies.GlobalExtremaStrategy,class,14,16,2,14,3,1,0,6,1,0.5,0.0,0.0,2,2,2,0,0,0,2,0,0,0,1,1,0,1,0,0,1,0,2,24,1,0,1,0,0,3,5,12,3,12,1,0,0,0,70,1,0
C:\Users\Susmi\Desktop\4-1\TermPaperTool\ta4j\ta4j\ta4j\src\test\java\eu\verdelhan\ta4j\analysis\criteria\NumberOfTicksCriterionTest.java,eu.verdelhan.ta4j.analysis.criteria.NumberOfTicksCriterionTest,class,6,6,0,6,4,1,0,7,6,0.0,0.0,0.0,4,0,4,0,0,0,4,0,0,0,0,0,0,0,0,0,0,0,0,27,0,0,0,0,0,0,31,10,0,10,0,0,0,0,28,1,0
C:\Users\Susmi\Desktop\4-1\TermPaperTool\ta4j\ta4j\ta4j\src\main\java\eu\verdelhan\ta4j\strategies\ResistanceStrategy.java,eu.verdelhan.ta4j.strategies.ResistanceStrategy,class,4,7,3,4,4,2,0,11,0,0.25,0.0,0.0,4,0,4,0,0,0,4,0,0,0,3,0,0,3,0,0,2,0,2,23,3,0,0,0,1,1,0,5,0,5,0,0,0,0,31,1,0
C:\Users\Susmi\Desktop\4-1\TermPaperTool\ta4j\ta4j\ta4j\src\main\java\eu\verdelhan\ta4j\indicators\simple\ClosePriceIndicator.java,eu.verdelhan.ta4j.indicators.simple.ClosePriceIndicator,class,5,39,34,5,2,3,0,3,0,0.0,0.0,0.0,2,0,1,0,1,0,2,0,0,0,1,0,0,1,0,0,0,0,0,10,1,0,0,0,0,0,0,1,0,1,0,0,0,0,13,1,0
C:\Users\Susmi\Desktop\4-1\TermPaperTool\ta4j\ta4j\ta4j\src\test\java\eu\verdelhan\ta4j\mocks\MockTimeSeries.java,eu.verdelhan.ta4j.mocks.MockTimeSeries,class,6,66,60,6,14,2,0,6,36,0.0,0.0,0.0,9,4,5,4,0,0,5,0,0,0,0,0,0,0,0,0,0,0,4,49,4,4,1,0,1,0,12,8,6,8,1,0,0,0,26,1,0
C:\Users\Susmi\Desktop\4-1\TermPaperTool\ta4j\ta4j\ta4j\src\main\java\eu\verdelhan\ta4j\indicators\oscillators\AroonDownIndicator.java,eu.verdelhan.ta4j.indicators.oscillators.AroonDownIndicator,class,6,6,0,6,4,3,0,7,0,0.0,0.0,0.0,2,0,1,0,1,0,2,0,0,0,3,0,0,3,0,0,3,0,3,23,1,1,0,0,0,0,2,7,3,7,2,0,0,0,27,1,0
C:\Users\Susmi\Desktop\4-1\TermPaperTool\ta4j\ta4j\ta4j\src\main\java\eu\verdelhan\ta4j\strategies\EntryPassFilterStrategy.java,eu.verdelhan.ta4j.strategies.EntryPassFilterStrategy,class,2,3,1,2,3,2,0,3,1,0.33333334,0.0,0.0,3,0,3,0,0,0,3,0,0,0,1,0,0,1,0,0,0,0,0,15,2,0,0,0,0,0,0,2,0,2,0,0,0,0,23,1,0
C:\Users\Susmi\Desktop\4-1\TermPaperTool\ta4j\ta4j\ta4j\src\test\java\eu\verdelhan\ta4j\strategies\IndicatorCrossedIndicatorStrategyTest.java,eu.verdelhan.ta4j.strategies.IndicatorCrossedIndicatorStrategyTest,class,8,8,0,8,11,1,0,9,15,0.0,0.0,0.0,6,0,6,0,0,0,6,0,0,0,0,0,0,0,0,0,0,0,0,81,0,5,0,0,0,0,101,34,0,34,1,0,0,0,40,1,0
C:\Users\Susmi\Desktop\4-1\TermPaperTool\ta4j\ta4j\ta4j\src\test\java\eu\verdelhan\ta4j\indicators\trackers\DirectionalMovementIndicatorTest.java,eu.verdelhan.ta4j.indicators.trackers.DirectionalMovementIndicatorTest,class,7,7,0,7,1,1,0,4,0,0.0,NaN,NaN,1,0,1,0,0,0,1,0,0,0,0,0,0,0,0,0,0,0,3,17,0,0,0,0,15,0,58,7,43,5,0,0,0,0,23,1,0
C:\Users\Susmi\Desktop\4-1\TermPaperTool\ta4j\ta4j\ta4j\src\test\java\eu\verdelhan\ta4j\indicators\helpers\AverageDirectionalMovementUpIndicatorTest.java,eu.verdelhan.ta4j.indicators.helpers.AverageDirectionalMovementUpIndicatorTest,class,7,7,0,7,1,1,0,4,0,0.0,NaN,NaN,1,0,1,0,0,0,1,0,0,0,0,0,0,0,0,0,0,0,5,17,0,0,0,0,2,0,52,3,21,3,0,0,0,0,19,1,0
C:\Users\Susmi\Desktop\4-1\TermPaperTool\ta4j\ta4j\ta4j\src\test\java\eu\verdelhan\ta4j\strategies\StopLossStrategyTest.java,eu.verdelhan.ta4j.strategies.StopLossStrategyTest,class,9,9,0,9,3,1,0,7,0,0.0,0.0,0.0,3,0,3,0,0,0,3,0,0,0,1,0,0,1,0,0,0,0,0,36,0,0,0,0,0,0,23,13,0,13,0,0,0,0,32,1,0
C:\Users\Susmi\Desktop\4-1\TermPaperTool\ta4j\ta4j\ta4j\src\main\java\eu\verdelhan\ta4j\strategies\AndStrategy.java,eu.verdelhan.ta4j.strategies.AndStrategy,class,2,4,2,2,4,2,0,5,0,0.0,0.0,0.0,4,0,4,0,0,0,4,0,0,0,2,0,0,2,0,0,0,0,1,21,3,0,0,0,0,1,0,4,0,4,0,0,0,0,30,1,0
C:\Users\Susmi\Desktop\4-1\TermPaperTool\ta4j\ta4j\ta4j\src\test\java\eu\verdelhan\ta4j\strategies\JustEnterOnceStrategyTest.java,eu.verdelhan.ta4j.strategies.JustEnterOnceStrategyTest,class,6,6,0,6,3,1,0,6,0,0.0,0.0,0.0,3,0,3,0,0,0,3,0,0,0,2,0,0,2,0,0,0,0,0,26,0,0,0,0,0,0,10,5,0,5,0,0,0,0,25,1,0
C:\Users\Susmi\Desktop\4-1\TermPaperTool\ta4j\ta4j\ta4j\src\main\java\eu\verdelhan\ta4j\indicators\trackers\EMAIndicator.java,eu.verdelhan.ta4j.indicators.trackers.EMAIndicator,class,6,13,7,6,5,3,0,11,0,0.22222222,0.0,0.0,3,0,2,0,1,0,3,0,0,0,3,0,0,3,0,0,3,0,1,24,4,0,1,0,0,1,5,4,4,4,1,0,0,0,26,1,0
C:\Users\Susmi\Desktop\4-1\TermPaperTool\ta4j\ta4j\ta4j-examples\src\main\java\ta4jexamples\strategies\CCICorrectionStrategy.java,ta4jexamples.strategies.CCICorrectionStrategy,class,11,14,3,11,3,1,0,8,1,0.0,0.0,0.0,2,2,2,0,0,0,2,0,0,0,0,0,0,0,0,0,0,0,3,25,1,0,1,0,0,3,3,13,2,13,1,0,0,0,47,1,0
C:\Users\Susmi\Desktop\4-1\TermPaperTool\ta4j\ta4j\ta4j-examples\src\main\java\ta4jexamples\analysis\CashFlowToChart.java,ta4jexamples.analysis.CashFlowToChart,class,22,23,1,22,5,1,0,31,6,0.0,NaN,NaN,4,4,1,3,0,0,1,0,0,0,0,0,0,0,0,0,0,0,6,47,1,1,0,0,0,8,9,16,0,16,1,0,0,0,80,1,0
C:\Users\Susmi\Desktop\4-1\TermPaperTool\ta4j\ta4j\ta4j\src\test\java\eu\verdelhan\ta4j\indicators\helpers\LowestValueIndicatorTest.java,eu.verdelhan.ta4j.indicators.helpers.LowestValueIndicatorTest,class,8,8,0,8,5,1,0,2,0,0.0,0.0,0.0,5,0,5,0,0,0,5,0,0,0,1,0,0,1,0,0,0,0,13,31,0,0,0,0,0,13,31,5,0,5,0,0,0,0,33,1,0
C:\Users\Susmi\Desktop\4-1\TermPaperTool\ta4j\ta4j\ta4j\src\test\java\eu\verdelhan\ta4j\strategies\ExitPassFilterStrategyTest.java,eu.verdelhan.ta4j.strategies.ExitPassFilterStrategyTest,class,5,5,0,5,3,1,0,4,0,0.5,0.0,0.0,3,0,3,0,0,0,3,0,0,0,4,0,0,4,0,0,0,0,0,28,0,0,0,0,0,0,18,4,0,4,0,0,0,0,20,1,0
C:\Users\Susmi\Desktop\4-1\TermPaperTool\ta4j\ta4j\ta4j\src\main\java\eu\verdelhan\ta4j\strategies\CombinedEntryAndExitStrategy.java,eu.verdelhan.ta4j.strategies.CombinedEntryAndExitStrategy,class,2,7,5,2,4,2,0,5,0,0.25,0.0,0.0,4,0,4,0,0,0,4,0,0,0,2,0,0,2,0,0,0,0,1,21,3,0,0,0,0,1,0,4,0,4,0,0,0,0,24,1,0
C:\Users\Susmi\Desktop\4-1\TermPaperTool\ta4j\ta4j\ta4j-examples\src\main\java\ta4jexamples\strategies\MovingMomentumStrategy.java,ta4jexamples.strategies.MovingMomentumStrategy,class,17,22,5,17,3,1,0,9,1,0.0,0.0,0.0,2,2,2,0,0,0,2,0,0,0,0,0,0,0,0,0,0,0,2,26,1,0,1,0,0,3,8,14,2,14,1,0,0,0,63,1,0
C:\Users\Susmi\Desktop\4-1\TermPaperTool\ta4j\ta4j\ta4j\src\main\java\eu\verdelhan\ta4j\indicators\trackers\AverageDirectionalMovementIndicator.java,eu.verdelhan.ta4j.indicators.trackers.AverageDirectionalMovementIndicator,class,5,6,1,5,4,3,0,8,0,0.16666667,0.0,0.0,3,0,2,0,1,0,3,0,0,0,2,0,0,2,0,0,2,0,2,20,3,0,1,0,0,1,3,4,3,4,1,0,0,0,27,1,0
C:\Users\Susmi\Desktop\4-1\TermPaperTool\ta4j\ta4j\ta4j\src\test\java\eu\verdelhan\ta4j\indicators\helpers\StandardDeviationIndicatorTest.java,eu.verdelhan.ta4j.indicators.helpers.StandardDeviationIndicatorTest,class,8,8,0,8,5,1,0,4,0,0.0,0.0,0.0,5,0,5,0,0,0,5,0,0,0,1,0,0,1,0,0,0,0,34,38,0,0,0,0,0,0,55,5,0,5,0,0,0,0,29,1,0
C:\Users\Susmi\Desktop\4-1\TermPaperTool\ta4j\ta4j\ta4j-examples\src\main\java\ta4jexamples\analysis\BuyAndSellSignalsToChart.java,ta4jexamples.analysis.BuyAndSellSignalsToChart,class,22,23,1,22,6,1,0,32,6,0.0,NaN,NaN,4,4,1,3,0,0,1,0,0,0,0,0,0,0,0,0,0,0,5,48,1,2,0,0,0,8,3,16,0,16,1,0,0,0,87,1,0
C:\Users\Susmi\Desktop\4-1\TermPaperTool\ta4j\ta4j\ta4j\src\test\java\eu\verdelhan\ta4j\indicators\helpers\AverageTrueRangeIndicatorTest.java,eu.verdelhan.ta4j.indicators.helpers.AverageTrueRangeIndicatorTest,class,7,7,0,7,1,1,0,4,0,0.0,NaN,NaN,1,0,1,0,0,0,1,0,0,0,0,0,0,0,0,0,0,0,5,16,0,0,0,0,3,0,54,2,23,2,0,0,0,0,19,1,0
C:\Users\Susmi\Desktop\4-1\TermPaperTool\ta4j\ta4j\ta4j\src\test\java\eu\verdelhan\ta4j\indicators\simple\ClosePriceIndicatorTest.java,eu.verdelhan.ta4j.indicators.simple.ClosePriceIndicatorTest,class,7,7,0,7,3,1,0,4,0,0.0,0.0,0.0,2,0,2,0,0,0,2,0,0,0,2,0,0,1,0,1,0,0,0,13,0,1,0,0,0,0,2,3,0,3,1,0,0,0,18,1,0
C:\Users\Susmi\Desktop\4-1\TermPaperTool\ta4j\ta4j\ta4j\src\main\java\eu\verdelhan\ta4j\indicators\helpers\MeanDeviationIndicator.java,eu.verdelhan.ta4j.indicators.helpers.MeanDeviationIndicator,class,5,7,2,5,4,3,0,12,0,0.22222222,0.0,0.0,3,0,2,0,1,0,3,0,0,0,3,0,0,3,0,0,0,0,2,24,2,1,0,0,0,1,3,9,5,8,1,0,0,0,33,1,0
C:\Users\Susmi\Desktop\4-1\TermPaperTool\ta4j\ta4j\ta4j\src\main\java\eu\verdelhan\ta4j\indicators\simple\SimpleMultiplierIndicator.java,eu.verdelhan.ta4j.indicators.simple.SimpleMultiplierIndicator,class,4,6,2,4,3,3,0,7,0,0.16666667,0.0,0.0,3,0,2,0,1,0,3,0,0,0,2,0,0,2,0,0,0,0,1,15,2,0,0,0,0,1,0,2,1,2,0,0,0,0,18,1,0
C:\Users\Susmi\Desktop\4-1\TermPaperTool\ta4j\ta4j\ta4j\src\test\java\eu\verdelhan\ta4j\strategies\MaxValueStarterStrategyTest.java,eu.verdelhan.ta4j.strategies.MaxValueStarterStrategyTest,class,8,8,0,8,3,1,0,6,0,0.5555556,0.0,0.0,3,0,3,0,0,0,3,0,0,0,6,0,0,6,0,0,0,0,0,35,0,0,0,0,0,0,21,11,0,9,0,0,0,0,32,1,0
C:\Users\Susmi\Desktop\4-1\TermPaperTool\ta4j\ta4j\ta4j\src\main\java\eu\verdelhan\ta4j\indicators\helpers\CrossIndicator.java,eu.verdelhan.ta4j.indicators.helpers.CrossIndicator,class,4,6,2,4,10,3,0,8,0,0.2,0.0,0.0,5,0,4,0,1,0,5,0,0,0,2,0,0,2,0,0,2,0,0,34,6,1,2,0,2,2,3,3,1,3,2,0,0,0,33,1,0
C:\Users\Susmi\Desktop\4-1\TermPaperTool\ta4j\ta4j\ta4j\src\main\java\eu\verdelhan\ta4j\TADecimal.java,eu.verdelhan.ta4j.TADecimal,class,1,86,85,1,53,1,0,15,269,0.8785714,0.0,0.0,35,4,35,0,0,0,35,0,0,0,8,7,7,1,0,0,7,0,7,127,32,0,8,0,5,0,23,15,2,10,1,0,0,0,130,1,0
C:\Users\Susmi\Desktop\4-1\TermPaperTool\ta4j\ta4j\ta4j\src\main\java\eu\verdelhan\ta4j\strategies\MinValueStarterStrategy.java,eu.verdelhan.ta4j.strategies.MinValueStarterStrategy,class,4,5,1,4,4,2,0,9,0,0.41666666,0.0,0.0,4,0,4,0,0,0,4,0,0,0,3,0,0,3,0,0,0,0,2,23,3,0,0,0,0,1,0,5,0,5,0,0,0,0,34,1,0
C:\Users\Susmi\Desktop\4-1\TermPaperTool\ta4j\ta4j\ta4j\src\main\java\eu\verdelhan\ta4j\indicators\trackers\ROCIndicator.java,eu.verdelhan.ta4j.indicators.trackers.ROCIndicator,class,4,6,2,4,2,3,0,7,0,0.0,0.0,0.0,2,0,1,0,1,0,2,0,0,0,2,0,0,2,0,0,2,0,1,15,1,0,0,0,0,0,1,5,1,5,0,0,0,0,32,1,0
C:\Users\Susmi\Desktop\4-1\TermPaperTool\ta4j\ta4j\ta4j\src\test\java\eu\verdelhan\ta4j\indicators\helpers\DirectionalMovementDownIndicatorTest.java,eu.verdelhan.ta4j.indicators.helpers.DirectionalMovementDownIndicatorTest,class,7,7,0,7,4,1,0,3,6,0.0,0.0,0.0,4,0,4,0,0,0,4,0,0,0,0,0,0,0,0,0,0,0,4,42,0,0,0,0,0,0,40,20,0,20,0,0,0,0,21,1,0
C:\Users\Susmi\Desktop\4-1\TermPaperTool\ta4j\ta4j\ta4j\src\test\java\eu\verdelhan\ta4j\mocks\MockDecimalIndicator.java,eu.verdelhan.ta4j.mocks.MockDecimalIndicator,class,3,13,10,3,2,2,0,2,0,0.0,NaN,NaN,1,0,1,0,0,0,1,0,0,0,0,0,0,0,0,0,0,0,1,7,0,1,0,0,0,0,0,0,0,0,1,0,0,0,10,1,0
C:\Users\Susmi\Desktop\4-1\TermPaperTool\ta4j\ta4j\ta4j\src\main\java\eu\verdelhan\ta4j\indicators\helpers\AverageDirectionalMovementDownIndicator.java,eu.verdelhan.ta4j.indicators.helpers.AverageDirectionalMovementDownIndicator,class,5,7,2,5,4,3,0,8,0,0.16666667,0.0,0.0,3,0,2,0,1,0,3,0,0,0,2,0,0,2,0,0,2,0,2,20,3,0,1,0,0,1,3,4,3,4,1,0,0,0,31,1,0
C:\Users\Susmi\Desktop\4-1\TermPaperTool\ta4j\ta4j\ta4j\src\test\java\eu\verdelhan\ta4j\indicators\simple\SimpleMultiplierIndicatorTest.java,eu.verdelhan.ta4j.indicators.simple.SimpleMultiplierIndicatorTest,class,7,7,0,7,2,1,0,3,0,0.0,0.0,0.0,2,0,2,0,0,0,2,0,0,0,2,0,0,2,0,0,0,0,5,14,0,0,0,0,0,0,10,2,0,2,0,0,0,0,11,1,0
C:\Users\Susmi\Desktop\4-1\TermPaperTool\ta4j\ta4j\ta4j\src\test\java\eu\verdelhan\ta4j\indicators\helpers\AverageLossIndicatorTest.java,eu.verdelhan.ta4j.indicators.helpers.AverageLossIndicatorTest,class,8,8,0,8,6,1,0,5,0,0.0,0.0,0.0,6,0,6,0,0,0,6,0,0,0,1,0,0,1,0,0,0,0,13,34,0,0,0,0,0,10,34,6,1,6,0,0,0,0,37,1,0
C:\Users\Susmi\Desktop\4-1\TermPaperTool\ta4j\ta4j\ta4j-examples\src\main\java\ta4jexamples\Quickstart.java,ta4jexamples.Quickstart,class,19,19,0,19,1,1,0,11,0,0.0,NaN,NaN,1,1,1,0,0,0,1,0,0,0,0,0,0,0,0,0,0,0,1,25,0,0,0,0,0,6,8,14,6,11,0,0,0,0,58,1,0
C:\Users\Susmi\Desktop\4-1\TermPaperTool\ta4j\ta4j\ta4j-examples\src\main\java\ta4jexamples\loaders\CsvTicksLoader.java,ta4jexamples.loaders.CsvTicksLoader,class,5,7,2,5,6,1,0,19,1,0.5,0.0,0.0,2,2,2,0,0,0,2,0,0,0,1,1,0,1,0,0,1,0,10,36,1,1,1,1,1,17,10,12,4,12,2,0,0,0,58,1,0
C:\Users\Susmi\Desktop\4-1\TermPaperTool\ta4j\ta4j\ta4j\src\test\java\eu\verdelhan\ta4j\indicators\trackers\RSIIndicatorTest.java,eu.verdelhan.ta4j.indicators.trackers.RSIIndicatorTest,class,8,8,0,8,4,1,0,3,0,0.0,0.0,0.0,4,0,4,0,0,0,4,0,0,0,1,0,0,1,0,0,0,0,12,28,0,0,0,0,0,0,54,4,0,4,0,0,0,0,27,1,0
C:\Users\Susmi\Desktop\4-1\TermPaperTool\ta4j\ta4j\ta4j\src\main\java\eu\verdelhan\ta4j\indicators\helpers\TrueRangeIndicator.java,eu.verdelhan.ta4j.indicators.helpers.TrueRangeIndicator,class,5,7,2,5,4,3,0,8,0,0.0,0.0,0.0,2,0,1,0,1,0,2,0,0,0,1,0,0,1,0,0,0,0,0,13,1,0,2,0,0,0,4,4,2,4,0,0,0,0,16,1,0
C:\Users\Susmi\Desktop\4-1\TermPaperTool\ta4j\ta4j\ta4j\src\main\java\eu\verdelhan\ta4j\Operation.java,eu.verdelhan.ta4j.Operation,class,2,45,43,2,11,1,0,5,0,0.25,0.0,0.0,8,0,8,0,0,0,8,0,0,0,2,0,0,2,0,0,0,0,0,33,8,0,3,0,2,2,1,3,3,3,1,0,0,0,45,1,0
C:\Users\Susmi\Desktop\4-1\TermPaperTool\ta4j\ta4j\ta4j\src\test\java\eu\verdelhan\ta4j\indicators\simple\VolumeIndicatorTest.java,eu.verdelhan.ta4j.indicators.simple.VolumeIndicatorTest,class,7,7,0,7,3,1,0,4,0,0.0,0.0,0.0,2,0,2,0,0,0,2,0,0,0,2,0,0,1,0,1,0,0,0,13,0,1,0,0,0,0,2,3,0,3,1,0,0,0,17,1,0
C:\Users\Susmi\Desktop\4-1\TermPaperTool\ta4j\ta4j\ta4j\src\test\java\eu\verdelhan\ta4j\indicators\simple\TradeCountIndicatorTest.java,eu.verdelhan.ta4j.indicators.simple.TradeCountIndicatorTest,class,7,7,0,7,3,1,0,4,0,0.0,0.0,0.0,2,0,2,0,0,0,2,0,0,0,2,0,0,1,0,1,0,0,0,13,0,1,0,0,0,0,2,3,0,3,1,0,0,0,18,1,0
C:\Users\Susmi\Desktop\4-1\TermPaperTool\ta4j\ta4j\ta4j\src\test\java\eu\verdelhan\ta4j\indicators\trackers\ParabolicSarIndicatorTest.java,eu.verdelhan.ta4j.indicators.trackers.ParabolicSarIndicatorTest,class,7,7,0,7,4,1,0,4,6,0.0,0.0,0.0,4,0,4,0,0,0,4,0,0,0,0,0,0,0,0,0,0,0,21,61,0,0,0,0,4,0,140,9,12,9,0,0,0,0,20,1,0
C:\Users\Susmi\Desktop\4-1\TermPaperTool\ta4j\ta4j\ta4j\src\main\java\eu\verdelhan\ta4j\indicators\helpers\DirectionalMovementDownIndicator.java,eu.verdelhan.ta4j.indicators.helpers.DirectionalMovementDownIndicator,class,5,7,2,5,6,3,0,7,0,0.0,0.0,0.0,2,0,1,0,1,0,2,0,0,0,1,0,0,1,0,0,0,0,0,20,3,0,1,0,1,0,3,5,2,5,1,0,0,0,21,1,0
C:\Users\Susmi\Desktop\4-1\TermPaperTool\ta4j\ta4j\ta4j\src\test\java\eu\verdelhan\ta4j\indicators\oscillators\StochasticOscillatorKIndicatorTest.java,eu.verdelhan.ta4j.indicators.oscillators.StochasticOscillatorKIndicatorTest,class,8,8,0,8,3,1,0,3,0,0.0,0.0,0.0,3,0,3,0,0,0,3,0,0,0,1,0,0,1,0,0,0,0,4,31,0,0,0,0,0,0,68,4,2,4,0,0,0,0,24,1,0
C:\Users\Susmi\Desktop\4-1\TermPaperTool\ta4j\ta4j\ta4j\src\main\java\eu\verdelhan\ta4j\indicators\trackers\DirectionalMovementIndicator.java,eu.verdelhan.ta4j.indicators.trackers.DirectionalMovementIndicator,class,6,8,2,6,3,3,0,9,0,0.33333334,0.0,0.0,3,0,2,0,1,0,3,0,0,0,3,0,0,3,0,0,3,0,0,20,2,0,0,0,0,1,0,6,1,6,0,0,0,0,25,1,0
C:\Users\Susmi\Desktop\4-1\TermPaperTool\ta4j\ta4j\ta4j\src\main\java\eu\verdelhan\ta4j\indicators\helpers\HighestValueIndicator.java,eu.verdelhan.ta4j.indicators.helpers.HighestValueIndicator,class,4,10,6,4,5,3,0,7,0,0.16666667,0.0,0.0,3,0,2,0,1,0,3,0,0,0,2,0,0,2,0,0,2,0,1,22,2,1,0,0,0,1,3,6,4,5,2,0,0,0,22,1,0
C:\Users\Susmi\Desktop\4-1\TermPaperTool\ta4j\ta4j\ta4j\src\test\java\eu\verdelhan\ta4j\mocks\MockTick.java,eu.verdelhan.ta4j.mocks.MockTick,class,3,26,23,3,6,2,0,1,11,0.6666667,0.0,0.0,6,0,6,0,0,0,6,0,0,0,2,0,0,2,0,0,0,0,1,24,2,0,0,0,0,0,6,4,0,2,0,0,0,0,19,1,0
C:\Users\Susmi\Desktop\4-1\TermPaperTool\ta4j\ta4j\ta4j\src\main\java\eu\verdelhan\ta4j\indicators\simple\TypicalPriceIndicator.java,eu.verdelhan.ta4j.indicators.simple.TypicalPriceIndicator,class,5,8,3,5,2,3,0,7,0,0.0,0.0,0.0,2,0,1,0,1,0,2,0,0,0,1,0,0,1,0,0,0,0,0,13,1,0,0,0,0,0,0,4,0,4,0,0,0,0,16,1,0
C:\Users\Susmi\Desktop\4-1\TermPaperTool\ta4j\ta4j\ta4j\src\main\java\eu\verdelhan\ta4j\indicators\helpers\DirectionalMovementUpIndicator.java,eu.verdelhan.ta4j.indicators.helpers.DirectionalMovementUpIndicator,class,5,7,2,5,7,3,0,8,0,0.0,0.0,0.0,2,0,1,0,1,0,2,0,0,0,1,0,0,1,0,0,0,0,0,23,4,0,1,0,1,0,3,5,2,5,1,0,0,0,21,1,0
C:\Users\Susmi\Desktop\4-1\TermPaperTool\ta4j\ta4j\ta4j\src\test\java\eu\verdelhan\ta4j\indicators\trackers\TripleEMAIndicatorTest.java,eu.verdelhan.ta4j.indicators.trackers.TripleEMAIndicatorTest,class,8,8,0,8,2,1,0,2,0,0.25,0.0,0.0,2,0,2,0,0,0,2,0,0,0,2,0,0,2,0,0,0,0,9,20,0,0,0,0,0,0,34,3,0,3,0,0,0,0,22,1,0
C:\Users\Susmi\Desktop\4-1\TermPaperTool\ta4j\ta4j\ta4j\src\test\java\eu\verdelhan\ta4j\strategies\OrStrategyTest.java,eu.verdelhan.ta4j.strategies.OrStrategyTest,class,6,6,0,6,3,1,0,4,0,0.5714286,0.0,0.0,3,0,3,0,0,0,3,0,0,0,7,0,0,7,0,0,0,0,0,34,0,0,0,0,0,0,20,7,0,7,0,0,0,0,24,1,0
C:\Users\Susmi\Desktop\4-1\TermPaperTool\ta4j\ta4j\ta4j\src\test\java\eu\verdelhan\ta4j\indicators\simple\PriceVariationIndicatorTest.java,eu.verdelhan.ta4j.indicators.simple.PriceVariationIndicatorTest,class,9,9,0,9,3,1,0,6,0,0.0,0.0,0.0,2,0,2,0,0,0,2,0,0,0,2,0,0,2,0,0,0,0,1,16,0,1,0,0,0,0,5,5,1,5,1,0,0,0,24,1,0
C:\Users\Susmi\Desktop\4-1\TermPaperTool\ta4j\ta4j\ta4j\src\main\java\eu\verdelhan\ta4j\indicators\oscillators\AwesomeOscillatorIndicator.java,eu.verdelhan.ta4j.indicators.oscillators.AwesomeOscillatorIndicator,class,5,7,2,5,3,3,0,4,0,0.0,0.0,0.0,3,0,2,0,1,0,3,0,0,0,2,0,0,2,0,0,0,0,0,16,1,0,0,0,0,0,2,4,0,2,0,0,0,0,23,1,0
C:\Users\Susmi\Desktop\4-1\TermPaperTool\ta4j\ta4j\ta4j\src\main\java\eu\verdelhan\ta4j\indicators\oscillators\StochasticOscillatorKIndicator.java,eu.verdelhan.ta4j.indicators.oscillators.StochasticOscillatorKIndicator,class,10,14,4,10,4,3,0,9,0,0.375,0.0,0.0,4,0,3,0,1,0,4,0,0,0,4,0,0,4,0,0,2,0,0,26,2,0,0,0,0,1,0,8,1,8,0,0,0,0,43,1,0
C:\Users\Susmi\Desktop\4-1\TermPaperTool\ta4j\ta4j\ta4j\src\main\java\eu\verdelhan\ta4j\indicators\simple\ConstantIndicator.java,eu.verdelhan.ta4j.indicators.simple.ConstantIndicator,class,2,6,4,2,3,2,0,2,0,0.0,0.0,0.0,3,0,3,0,0,0,3,0,0,0,1,0,0,1,0,0,0,0,0,12,2,0,0,0,0,1,0,1,1,1,0,0,0,0,11,1,0
C:\Users\Susmi\Desktop\4-1\TermPaperTool\ta4j\ta4j\ta4j\src\test\java\eu\verdelhan\ta4j\strategies\DistanceBetweenIndicatorsStrategyTest.java,eu.verdelhan.ta4j.strategies.DistanceBetweenIndicatorsStrategyTest,class,7,7,0,7,4,1,0,5,0,0.5,0.0,0.0,4,0,4,0,0,0,4,0,0,0,3,0,0,3,0,0,0,0,1,40,0,0,0,0,0,0,43,10,0,7,0,0,0,0,28,1,0
C:\Users\Susmi\Desktop\4-1\TermPaperTool\ta4j\ta4j\ta4j\src\main\java\eu\verdelhan\ta4j\indicators\simple\PreviousPriceIndicator.java,eu.verdelhan.ta4j.indicators.simple.PreviousPriceIndicator,class,5,6,1,5,2,3,0,4,0,0.0,0.0,0.0,2,0,1,0,1,0,2,0,0,0,1,0,0,1,0,0,0,0,1,10,1,0,0,0,0,0,2,1,1,1,0,0,0,0,13,1,0
C:\Users\Susmi\Desktop\4-1\TermPaperTool\ta4j\ta4j\ta4j\src\test\java\eu\verdelhan\ta4j\strategies\ParabolicSarAndDMIStrategyTest.java,eu.verdelhan.ta4j.strategies.ParabolicSarAndDMIStrategyTest,class,7,7,0,7,2,1,0,4,1,0.0,0.0,0.0,2,0,2,0,0,0,2,0,0,0,0,0,0,0,0,0,0,0,0,27,0,0,0,0,0,0,40,11,0,11,0,0,0,0,28,1,0
C:\Users\Susmi\Desktop\4-1\TermPaperTool\ta4j\ta4j\ta4j\src\main\java\eu\verdelhan\ta4j\indicators\helpers\StandardDeviationIndicator.java,eu.verdelhan.ta4j.indicators.helpers.StandardDeviationIndicator,class,5,9,4,5,4,3,0,11,0,0.22222222,0.0,0.0,3,0,2,0,1,0,3,0,0,0,3,0,0,3,0,0,0,0,1,23,2,1,0,0,0,1,3,8,3,7,1,0,0,0,28,1,0
C:\Users\Susmi\Desktop\4-1\TermPaperTool\ta4j\ta4j\ta4j\src\main\java\eu\verdelhan\ta4j\indicators\trackers\AccelerationDecelerationIndicator.java,eu.verdelhan.ta4j.indicators.trackers.AccelerationDecelerationIndicator,class,7,8,1,7,3,3,0,3,1,0.33333334,0.0,0.0,3,0,2,0,1,0,3,0,0,0,2,0,0,2,0,0,0,0,0,15,1,0,0,0,0,0,2,2,0,2,0,0,0,0,24,1,0
C:\Users\Susmi\Desktop\4-1\TermPaperTool\ta4j\ta4j\ta4j\src\test\java\eu\verdelhan\ta4j\analysis\criteria\AverageProfitableTradesCriterionTest.java,eu.verdelhan.ta4j.analysis.criteria.AverageProfitableTradesCriterionTest,class,7,7,0,7,3,1,0,7,3,0.0,0.0,0.0,3,0,3,0,0,0,3,0,0,0,0,0,0,0,0,0,0,0,0,24,0,0,0,0,0,0,30,8,1,7,0,0,0,0,26,1,0
C:\Users\Susmi\Desktop\4-1\TermPaperTool\ta4j\ta4j\ta4j\src\main\java\eu\verdelhan\ta4j\indicators\trackers\SMAIndicator.java,eu.verdelhan.ta4j.indicators.trackers.SMAIndicator,class,4,21,17,4,4,3,0,10,0,0.16666667,0.0,0.0,3,0,2,0,1,0,3,0,0,0,2,0,0,2,0,0,2,0,3,20,2,1,0,0,0,1,3,6,4,5,1,0,0,0,24,1,0
C:\Users\Susmi\Desktop\4-1\TermPaperTool\ta4j\ta4j\ta4j\src\main\java\eu\verdelhan\ta4j\TimeSeries.java,eu.verdelhan.ta4j.TimeSeries,class,9,110,101,9,60,1,1,36,18,0.7083334,0.0,0.0,24,0,21,3,0,0,21,0,0,0,7,0,0,7,0,0,3,0,3,211,16,8,8,0,1,10,21,59,15,42,3,0,0,0,165,1,1
C:\Users\Susmi\Desktop\4-1\TermPaperTool\ta4j\ta4j\ta4j\src\main\java\eu\verdelhan\ta4j\indicators\volume\AccumulationDistributionIndicator.java,eu.verdelhan.ta4j.indicators.volume.AccumulationDistributionIndicator,class,5,6,1,5,3,3,0,11,0,0.0,0.0,0.0,2,0,1,0,1,0,2,0,0,0,1,0,0,1,0,0,0,0,0,16,2,0,1,0,2,0,2,4,1,4,1,0,0,0,21,1,0
C:\Users\Susmi\Desktop\4-1\TermPaperTool\ta4j\ta4j\ta4j\src\test\java\eu\verdelhan\ta4j\analysis\criteria\AverageProfitCriterionTest.java,eu.verdelhan.ta4j.analysis.criteria.AverageProfitCriterionTest,class,7,7,0,7,7,1,0,9,0,0.2857143,0.0,0.0,7,0,7,0,0,0,7,0,0,0,2,0,0,2,0,0,0,0,3,47,0,0,0,0,0,0,58,13,8,9,0,0,0,0,40,1,0
C:\Users\Susmi\Desktop\4-1\TermPaperTool\ta4j\ta4j\ta4j\src\main\java\eu\verdelhan\ta4j\analysis\criteria\AbstractAnalysisCriterion.java,eu.verdelhan.ta4j.analysis.criteria.AbstractAnalysisCriterion,class,3,14,11,3,5,1,10,12,1,0.0,0.0,0.0,2,0,2,0,0,0,2,0,0,0,0,0,0,0,0,0,0,0,0,23,2,2,0,0,0,1,5,10,1,8,2,0,0,0,26,1025,0
C:\Users\Susmi\Desktop\4-1\TermPaperTool\ta4j\ta4j\ta4j\src\main\java\eu\verdelhan\ta4j\indicators\helpers\AverageTrueRangeIndicator.java,eu.verdelhan.ta4j.indicators.helpers.AverageTrueRangeIndicator,class,5,9,4,5,4,3,0,8,0,0.16666667,0.0,0.0,3,0,2,0,1,0,3,0,0,0,2,0,0,2,0,0,2,0,2,20,3,0,1,0,0,1,3,4,3,4,1,0,0,0,27,1,0
C:\Users\Susmi\Desktop\4-1\TermPaperTool\ta4j\ta4j\ta4j\src\main\java\eu\verdelhan\ta4j\indicators\trackers\bollingerbands\BollingerBandsMiddleIndicator.java,eu.verdelhan.ta4j.indicators.trackers.bollingerbands.BollingerBandsMiddleIndicator,class,5,11,6,5,3,3,0,5,0,0.0,0.0,0.0,3,0,2,0,1,0,3,0,0,0,1,0,0,1,0,0,1,0,0,13,2,0,0,0,0,1,0,1,1,1,0,0,0,0,30,1,0
C:\Users\Susmi\Desktop\4-1\TermPaperTool\ta4j\ta4j\ta4j\src\test\java\eu\verdelhan\ta4j\indicators\simple\AmountIndicatorTest.java,eu.verdelhan.ta4j.indicators.simple.AmountIndicatorTest,class,7,7,0,7,3,1,0,4,0,0.0,0.0,0.0,2,0,2,0,0,0,2,0,0,0,2,0,0,1,0,1,0,0,0,13,0,1,0,0,0,0,2,3,0,3,1,0,0,0,18,1,0
C:\Users\Susmi\Desktop\4-1\TermPaperTool\ta4j\ta4j\ta4j\src\main\java\eu\verdelhan\ta4j\indicators\trackers\ParabolicSarIndicator.java,eu.verdelhan.ta4j.indicators.trackers.ParabolicSarIndicator,class,10,12,2,10,20,3,0,17,0,0.66,0.0,0.0,5,0,2,2,1,0,3,0,0,0,10,4,0,10,0,0,8,0,4,95,4,0,0,0,0,5,8,40,8,23,2,0,0,0,55,1,0
C:\Users\Susmi\Desktop\4-1\TermPaperTool\ta4j\ta4j\ta4j\src\main\java\eu\verdelhan\ta4j\strategies\ParabolicSarAndDMIStrategy.java,eu.verdelhan.ta4j.strategies.ParabolicSarAndDMIStrategy,class,4,5,1,4,4,2,0,7,0,0.375,0.0,0.0,4,0,4,0,0,0,4,0,0,0,2,0,0,2,0,0,0,0,0,21,3,0,0,0,0,0,0,4,0,4,0,0,0,0,38,1,0
C:\Users\Susmi\Desktop\4-1\TermPaperTool\ta4j\ta4j\ta4j\src\test\java\eu\verdelhan\ta4j\indicators\trackers\bollingerbands\BollingerBandsMiddleIndicatorTest.java,eu.verdelhan.ta4j.indicators.trackers.bollingerbands.BollingerBandsMiddleIndicatorTest,class,8,8,0,8,4,1,0,3,0,0.0,0.0,0.0,3,0,3,0,0,0,3,0,0,0,1,0,0,1,0,0,0,0,0,19,0,1,0,0,0,0,20,6,0,6,1,0,0,0,29,1,0
C:\Users\Susmi\Desktop\4-1\TermPaperTool\ta4j\ta4j\ta4j\src\test\java\eu\verdelhan\ta4j\indicators\trackers\DoubleEMAIndicatorTest.java,eu.verdelhan.ta4j.indicators.trackers.DoubleEMAIndicatorTest,class,8,8,0,8,2,1,0,2,0,0.25,0.0,0.0,2,0,2,0,0,0,2,0,0,0,2,0,0,2,0,0,0,0,9,20,0,0,0,0,0,0,34,3,0,3,0,0,0,0,22,1,0
C:\Users\Susmi\Desktop\4-1\TermPaperTool\ta4j\ta4j\ta4j\src\test\java\eu\verdelhan\ta4j\strategies\EntryPassFilterStrategyTest.java,eu.verdelhan.ta4j.strategies.EntryPassFilterStrategyTest,class,5,5,0,5,3,1,0,4,0,0.5,0.0,0.0,3,0,3,0,0,0,3,0,0,0,4,0,0,4,0,0,0,0,0,28,0,0,0,0,0,0,18,4,0,4,0,0,0,0,21,1,0
C:\Users\Susmi\Desktop\4-1\TermPaperTool\ta4j\ta4j\ta4j\src\main\java\eu\verdelhan\ta4j\analysis\criteria\NumberOfTicksCriterion.java,eu.verdelhan.ta4j.analysis.criteria.NumberOfTicksCriterion,class,5,10,5,5,5,2,0,4,3,0.0,0.0,0.0,3,0,3,0,0,0,3,0,0,0,0,0,0,0,0,0,0,0,0,15,3,1,0,0,1,0,2,2,2,1,1,0,0,0,26,1,0
C:\Users\Susmi\Desktop\4-1\TermPaperTool\ta4j\ta4j\ta4j\src\main\java\eu\verdelhan\ta4j\indicators\simple\OpenPriceIndicator.java,eu.verdelhan.ta4j.indicators.simple.OpenPriceIndicator,class,5,6,1,5,2,3,0,3,0,0.0,0.0,0.0,2,0,1,0,1,0,2,0,0,0,1,0,0,1,0,0,0,0,0,10,1,0,0,0,0,0,0,1,0,1,0,0,0,0,13,1,0
C:\Users\Susmi\Desktop\4-1\TermPaperTool\ta4j\ta4j\ta4j-examples\src\main\java\ta4jexamples\strategies\RSI2Strategy.java,ta4jexamples.strategies.RSI2Strategy,class,14,16,2,14,3,1,0,7,1,0.0,0.0,0.0,2,2,2,0,0,0,2,0,0,0,0,0,0,0,0,0,0,0,2,24,1,0,1,0,0,3,5,12,2,12,1,0,0,0,56,1,0
C:\Users\Susmi\Desktop\4-1\TermPaperTool\ta4j\ta4j\ta4j\src\main\java\eu\verdelhan\ta4j\indicators\oscillators\StochasticOscillatorDIndicator.java,eu.verdelhan.ta4j.indicators.oscillators.StochasticOscillatorDIndicator,class,7,9,2,7,4,3,0,5,0,0.0,0.0,0.0,4,0,3,0,1,0,4,0,0,0,1,0,0,1,0,0,0,0,0,16,2,0,0,0,0,1,1,2,1,1,0,0,0,0,26,1,0
C:\Users\Susmi\Desktop\4-1\TermPaperTool\ta4j\ta4j\ta4j\src\main\java\eu\verdelhan\ta4j\strategies\DistanceBetweenIndicatorsStrategy.java,eu.verdelhan.ta4j.strategies.DistanceBetweenIndicatorsStrategy,class,5,6,1,5,5,2,0,10,0,0.1,0.0,0.0,5,0,5,0,0,0,5,0,0,0,4,0,0,4,0,0,0,0,3,33,3,0,0,0,2,1,2,12,4,8,0,0,0,0,38,1,0
C:\Users\Susmi\Desktop\4-1\TermPaperTool\ta4j\ta4j\ta4j\src\main\java\eu\verdelhan\ta4j\indicators\volume\OnBalanceVolumeIndicator.java,eu.verdelhan.ta4j.indicators.volume.OnBalanceVolumeIndicator,class,5,6,1,5,5,3,0,9,0,0.0,0.0,0.0,2,0,1,0,1,0,2,0,0,0,1,0,0,1,0,0,1,0,0,21,4,0,1,0,0,0,5,3,4,3,1,0,0,0,20,1,0
C:\Users\Susmi\Desktop\4-1\TermPaperTool\ta4j\ta4j\ta4j\src\test\java\eu\verdelhan\ta4j\indicators\trackers\WMAIndicatorTest.java,eu.verdelhan.ta4j.indicators.trackers.WMAIndicatorTest,class,7,7,0,7,3,1,0,3,3,0.0,0.0,0.0,3,0,3,0,0,0,3,0,0,0,0,0,0,0,0,0,0,0,13,30,0,0,0,0,0,0,47,9,0,9,0,0,0,0,24,1,0
C:\Users\Susmi\Desktop\4-1\TermPaperTool\ta4j\ta4j\ta4j-examples\src\main\java\ta4jexamples\indicators\IndicatorsToCsv.java,ta4jexamples.indicators.IndicatorsToCsv,class,16,17,1,16,5,1,0,14,0,0.0,NaN,NaN,1,1,1,0,0,0,1,0,0,0,0,0,0,0,0,0,0,0,2,40,0,1,1,2,0,3,13,19,1,18,3,0,0,0,65,1,0
C:\Users\Susmi\Desktop\4-1\TermPaperTool\ta4j\ta4j\ta4j\src\main\java\eu\verdelhan\ta4j\indicators\simple\MedianPriceIndicator.java,eu.verdelhan.ta4j.indicators.simple.MedianPriceIndicator,class,5,8,3,5,2,3,0,6,0,0.0,0.0,0.0,2,0,1,0,1,0,2,0,0,0,1,0,0,1,0,0,0,0,0,10,1,0,0,0,0,0,0,1,0,1,0,0,0,0,15,1,0
C:\Users\Susmi\Desktop\4-1\TermPaperTool\ta4j\ta4j\ta4j\src\main\java\eu\verdelhan\ta4j\indicators\trackers\TripleEMAIndicator.java,eu.verdelhan.ta4j.indicators.trackers.TripleEMAIndicator,class,5,6,1,5,2,3,0,6,0,0.0,0.0,0.0,2,0,1,0,1,0,2,0,0,0,2,0,0,2,0,0,2,0,0,14,1,0,0,0,0,0,0,4,0,4,0,0,0,0,22,1,0
C:\Users\Susmi\Desktop\4-1\TermPaperTool\ta4j\ta4j\ta4j\src\test\java\eu\verdelhan\ta4j\indicators\volume\OnBalanceVolumeIndicatorTest.java,eu.verdelhan.ta4j.indicators.volume.OnBalanceVolumeIndicatorTest,class,8,8,0,8,1,1,0,4,0,0.0,NaN,NaN,1,0,1,0,0,0,1,0,0,0,0,0,0,0,0,0,0,0,6,19,0,0,0,0,0,0,54,3,0,3,0,0,0,0,18,1,0
C:\Users\Susmi\Desktop\4-1\TermPaperTool\ta4j\ta4j\ta4j\src\main\java\eu\verdelhan\ta4j\indicators\trackers\RSIIndicator.java,eu.verdelhan.ta4j.indicators.trackers.RSIIndicator,class,7,11,4,7,6,3,0,10,2,0.5,0.0,0.0,4,0,2,1,1,0,3,0,0,0,3,0,0,3,0,0,1,0,0,30,5,0,1,0,0,1,1,5,1,5,1,0,0,0,27,1,0
C:\Users\Susmi\Desktop\4-1\TermPaperTool\ta4j\ta4j\ta4j\src\main\java\eu\verdelhan\ta4j\indicators\CachedIndicator.java,eu.verdelhan.ta4j.indicators.CachedIndicator,class,3,107,104,3,9,2,0,7,1,0.33333334,0.0,0.0,3,0,1,1,1,0,2,1,0,0,1,0,0,1,0,0,0,0,1,24,1,2,3,0,3,0,2,2,2,2,3,0,0,0,25,1025,0
C:\Users\Susmi\Desktop\4-1\TermPaperTool\ta4j\ta4j\ta4j\src\main\java\eu\verdelhan\ta4j\indicators\helpers\DirectionalDownIndicator.java,eu.verdelhan.ta4j.indicators.helpers.DirectionalDownIndicator,class,7,9,2,7,3,3,0,5,0,0.33333334,0.0,0.0,3,0,2,0,1,0,3,0,0,0,3,0,0,3,0,0,3,0,0,17,2,0,0,0,0,1,0,3,1,3,0,0,0,0,25,1,0
C:\Users\Susmi\Desktop\4-1\TermPaperTool\ta4j\ta4j\ta4j-examples\src\main\java\ta4jexamples\loaders\CsvTradesLoader.java,ta4jexamples.loaders.CsvTradesLoader,class,7,20,13,7,16,1,0,36,6,0.0,0.0,0.0,4,4,2,2,0,0,2,0,0,0,0,0,0,0,0,0,0,0,10,72,2,4,3,2,1,14,18,22,9,16,4,0,0,0,67,1,0
C:\Users\Susmi\Desktop\4-1\TermPaperTool\ta4j\ta4j\ta4j\src\main\java\eu\verdelhan\ta4j\indicators\helpers\DirectionalUpIndicator.java,eu.verdelhan.ta4j.indicators.helpers.DirectionalUpIndicator,class,7,9,2,7,3,3,0,5,0,0.33333334,0.0,0.0,3,0,2,0,1,0,3,0,0,0,3,0,0,3,0,0,2,0,0,17,2,0,0,0,0,1,0,3,1,3,0,0,0,0,25,1,0
C:\Users\Susmi\Desktop\4-1\TermPaperTool\ta4j\ta4j\ta4j\src\main\java\eu\verdelhan\ta4j\analysis\criteria\NumberOfTradesCriterion.java,eu.verdelhan.ta4j.analysis.criteria.NumberOfTradesCriterion,class,3,5,2,3,4,2,0,1,3,0.0,0.0,0.0,3,0,3,0,0,0,3,0,0,0,0,0,0,0,0,0,0,0,0,11,3,0,0,0,0,0,1,0,0,0,0,0,0,0,19,1,0
C:\Users\Susmi\Desktop\4-1\TermPaperTool\ta4j\ta4j\ta4j\src\main\java\eu\verdelhan\ta4j\strategies\ExitPassFilterStrategy.java,eu.verdelhan.ta4j.strategies.ExitPassFilterStrategy,class,2,3,1,2,3,2,0,3,1,0.33333334,0.0,0.0,3,0,3,0,0,0,3,0,0,0,1,0,0,1,0,0,0,0,0,15,2,0,0,0,0,0,0,2,0,2,0,0,0,0,20,1,0
C:\Users\Susmi\Desktop\4-1\TermPaperTool\ta4j\ta4j\ta4j\src\main\java\eu\verdelhan\ta4j\analysis\criteria\LinearTransactionCostCriterion.java,eu.verdelhan.ta4j.analysis.criteria.LinearTransactionCostCriterion,class,6,9,3,6,13,2,0,5,0,0.5357143,0.0,0.0,7,0,5,2,0,0,5,0,0,0,4,0,0,4,0,0,0,0,0,51,6,1,4,0,2,0,4,14,6,10,3,0,0,0,60,1,0
C:\Users\Susmi\Desktop\4-1\TermPaperTool\ta4j\ta4j\ta4j\src\test\java\eu\verdelhan\ta4j\strategies\StopGainStrategyGainTest.java,eu.verdelhan.ta4j.strategies.StopGainStrategyGainTest,class,9,9,0,9,3,1,0,7,0,0.0,0.0,0.0,3,0,3,0,0,0,3,0,0,0,1,0,0,1,0,0,0,0,0,45,0,0,0,0,0,0,31,16,0,13,0,0,0,0,32,1,0
C:\Users\Susmi\Desktop\4-1\TermPaperTool\ta4j\ta4j\ta4j\src\test\java\eu\verdelhan\ta4j\TradeTest.java,eu.verdelhan.ta4j.TradeTest,class,4,4,0,4,11,1,0,10,5,0.72727275,0.0,0.0,11,0,11,0,0,0,11,0,0,0,1,0,0,1,0,0,0,0,0,69,0,0,0,0,0,0,25,12,0,12,0,0,0,0,49,1,0
C:\Users\Susmi\Desktop\4-1\TermPaperTool\ta4j\ta4j\ta4j\src\test\java\eu\verdelhan\ta4j\strategies\ResistanceStrategyTest.java,eu.verdelhan.ta4j.strategies.ResistanceStrategyTest,class,8,8,0,8,2,1,0,5,0,0.0,0.0,0.0,2,0,2,0,0,0,2,0,0,0,1,0,0,1,0,0,0,0,0,24,0,0,0,0,0,0,18,7,0,5,0,0,0,0,19,1,0
C:\Users\Susmi\Desktop\4-1\TermPaperTool\ta4j\ta4j\ta4j\src\test\java\eu\verdelhan\ta4j\analysis\criteria\MaximumDrawdownCriterionTest.java,eu.verdelhan.ta4j.analysis.criteria.MaximumDrawdownCriterionTest,class,8,8,0,8,8,1,0,7,28,0.0,0.0,0.0,8,0,8,0,0,0,8,0,0,0,0,0,0,0,0,0,0,0,0,66,0,0,0,0,0,0,89,23,0,23,0,0,0,0,40,1,0
C:\Users\Susmi\Desktop\4-1\TermPaperTool\ta4j\ta4j\ta4j\src\test\java\eu\verdelhan\ta4j\TimeSeriesTest.java,eu.verdelhan.ta4j.TimeSeriesTest,class,14,14,0,14,21,1,0,45,80,0.7559524,0.0,0.0,21,0,21,0,0,0,21,0,0,0,8,0,0,8,0,0,0,0,0,217,0,0,0,0,0,16,282,54,4,47,0,0,0,0,83,1,0
C:\Users\Susmi\Desktop\4-1\TermPaperTool\ta4j\ta4j\ta4j\src\main\java\eu\verdelhan\ta4j\indicators\AbstractIndicator.java,eu.verdelhan.ta4j.indicators.AbstractIndicator,class,3,57,54,3,4,1,0,2,1,0.33333334,0.0,0.0,3,0,2,0,1,0,3,0,1,0,1,0,0,1,0,0,0,0,0,15,2,0,1,0,0,1,0,1,0,1,1,0,0,0,18,1025,0
C:\Users\Susmi\Desktop\4-1\TermPaperTool\ta4j\ta4j\ta4j\src\test\java\eu\verdelhan\ta4j\indicators\helpers\MeanDeviationIndicatorTest.java,eu.verdelhan.ta4j.indicators.helpers.MeanDeviationIndicatorTest,class,8,8,0,8,4,1,0,3,0,0.0,0.0,0.0,4,0,4,0,0,0,4,0,0,0,1,0,0,1,0,0,0,0,8,23,0,0,0,0,0,0,30,4,0,4,0,0,0,0,27,1,0
C:\Users\Susmi\Desktop\4-1\TermPaperTool\ta4j\ta4j\ta4j\src\test\java\eu\verdelhan\ta4j\strategies\AndStrategyTest.java,eu.verdelhan.ta4j.strategies.AndStrategyTest,class,5,5,0,5,3,1,0,4,0,0.5714286,0.0,0.0,3,0,3,0,0,0,3,0,0,0,7,0,0,7,0,0,0,0,0,34,0,0,0,0,0,0,23,7,0,7,0,0,0,0,23,1,0
C:\Users\Susmi\Desktop\4-1\TermPaperTool\ta4j\ta4j\ta4j\src\test\java\eu\verdelhan\ta4j\TickTest.java,eu.verdelhan.ta4j.TickTest,class,5,5,0,5,5,1,0,20,0,0.26666668,0.0,0.0,5,0,5,0,0,0,5,0,0,0,3,0,0,3,0,0,0,0,6,36,0,0,0,0,0,0,32,3,5,3,0,0,0,0,21,1,0
C:\Users\Susmi\Desktop\4-1\TermPaperTool\ta4j\ta4j\ta4j\src\main\java\eu\verdelhan\ta4j\strategies\PipeEnterStrategy.java,eu.verdelhan.ta4j.strategies.PipeEnterStrategy,class,3,4,1,3,4,2,0,6,0,0.25,0.0,0.0,4,0,4,0,0,0,4,0,0,0,2,0,0,2,0,0,2,0,1,21,3,0,0,0,0,1,0,4,0,4,0,0,0,0,32,1,0
C:\Users\Susmi\Desktop\4-1\TermPaperTool\ta4j\ta4j\ta4j\src\test\java\eu\verdelhan\ta4j\analysis\criteria\TotalProfitCriterionTest.java,eu.verdelhan.ta4j.analysis.criteria.TotalProfitCriterionTest,class,6,6,0,6,6,1,0,8,15,0.0,0.0,0.0,6,0,6,0,0,0,6,0,0,0,0,0,0,0,0,0,0,0,0,45,0,0,0,0,2,0,58,16,5,16,0,0,0,0,34,1,0
C:\Users\Susmi\Desktop\4-1\TermPaperTool\ta4j\ta4j\ta4j\src\test\java\eu\verdelhan\ta4j\indicators\simple\MaxPriceIndicatorTest.java,eu.verdelhan.ta4j.indicators.simple.MaxPriceIndicatorTest,class,7,7,0,7,3,1,0,4,0,0.0,0.0,0.0,2,0,2,0,0,0,2,0,0,0,2,0,0,1,0,1,0,0,0,13,0,1,0,0,0,0,2,3,0,3,1,0,0,0,18,1,0
C:\Users\Susmi\Desktop\4-1\TermPaperTool\ta4j\ta4j\ta4j\src\test\java\eu\verdelhan\ta4j\indicators\simple\MedianPriceIndicatorTest.java,eu.verdelhan.ta4j.indicators.simple.MedianPriceIndicatorTest,class,9,9,0,9,3,1,0,8,0,0.0,0.0,0.0,2,0,2,0,0,0,2,0,0,0,2,0,0,1,0,1,0,0,0,26,0,1,0,0,0,0,42,5,0,5,1,0,0,0,24,1,0
C:\Users\Susmi\Desktop\4-1\TermPaperTool\ta4j\ta4j\ta4j\src\main\java\eu\verdelhan\ta4j\indicators\oscillators\PPOIndicator.java,eu.verdelhan.ta4j.indicators.oscillators.PPOIndicator,class,5,7,2,5,3,3,0,6,0,0.0,0.0,0.0,2,0,1,0,1,0,2,0,0,0,2,0,0,2,0,0,2,0,0,17,1,0,0,0,0,1,0,4,0,4,1,0,0,0,32,1,0
C:\Users\Susmi\Desktop\4-1\TermPaperTool\ta4j\ta4j\ta4j\src\test\java\eu\verdelhan\ta4j\analysis\criteria\RewardRiskRatioCriterionTest.java,eu.verdelhan.ta4j.analysis.criteria.RewardRiskRatioCriterionTest,class,7,7,0,7,6,1,0,8,3,0.33333334,0.0,0.0,6,0,6,0,0,0,6,0,0,0,1,0,0,1,0,0,0,0,2,40,0,0,0,0,13,0,66,14,17,14,0,0,0,0,44,1,0
C:\Users\Susmi\Desktop\4-1\TermPaperTool\ta4j\ta4j\ta4j\src\main\java\eu\verdelhan\ta4j\strategies\IndicatorOverIndicatorStrategy.java,eu.verdelhan.ta4j.strategies.IndicatorOverIndicatorStrategy,class,3,10,7,3,4,2,0,8,0,0.0,0.0,0.0,4,0,4,0,0,0,4,0,0,0,2,0,0,2,0,0,0,0,1,21,3,0,0,0,0,1,0,4,0,4,0,0,0,0,28,1,0
C:\Users\Susmi\Desktop\4-1\TermPaperTool\ta4j\ta4j\ta4j\src\main\java\eu\verdelhan\ta4j\analysis\criteria\MaximumDrawdownCriterion.java,eu.verdelhan.ta4j.analysis.criteria.MaximumDrawdownCriterion,class,6,10,4,6,7,2,0,9,3,0.0,0.0,0.0,3,0,3,0,0,0,3,0,0,0,0,0,0,0,0,0,0,0,0,26,3,1,0,0,0,0,0,9,0,7,2,0,0,0,31,1,0
C:\Users\Susmi\Desktop\4-1\TermPaperTool\ta4j\ta4j\ta4j\src\main\java\eu\verdelhan\ta4j\analysis\criteria\TotalProfitCriterion.java,eu.verdelhan.ta4j.analysis.criteria.TotalProfitCriterion,class,7,21,14,7,8,2,0,10,6,0.0,0.0,0.0,4,0,3,1,0,0,3,0,0,0,0,0,0,0,0,0,0,0,0,29,4,1,0,0,0,0,1,7,0,4,2,0,0,0,40,1,0
C:\Users\Susmi\Desktop\4-1\TermPaperTool\ta4j\ta4j\ta4j\src\test\java\eu\verdelhan\ta4j\analysis\criteria\AbstractAnalysisCriterionTest.java,eu.verdelhan.ta4j.analysis.criteria.AbstractAnalysisCriterionTest,class,12,12,0,12,4,1,0,4,0,0.41666666,0.0,0.0,4,0,4,0,0,0,4,0,0,0,3,0,0,3,0,0,0,0,0,30,0,0,0,0,0,3,10,10,0,10,0,0,0,0,39,1,0
C:\Users\Susmi\Desktop\4-1\TermPaperTool\ta4j\ta4j\ta4j\src\test\java\eu\verdelhan\ta4j\strategies\IndicatorOverIndicatorStrategyTest.java,eu.verdelhan.ta4j.strategies.IndicatorOverIndicatorStrategyTest,class,9,9,0,9,2,1,0,7,0,0.0,0.0,0.0,2,0,2,0,0,0,2,0,0,0,2,0,0,2,0,0,0,0,0,29,0,0,0,0,0,0,24,8,0,6,0,0,0,0,22,1,0
C:\Users\Susmi\Desktop\4-1\TermPaperTool\ta4j\ta4j\ta4j\src\test\java\eu\verdelhan\ta4j\indicators\simple\ConstantIndicatorTest.java,eu.verdelhan.ta4j.indicators.simple.ConstantIndicatorTest,class,5,5,0,5,2,1,0,3,0,0.0,0.0,0.0,2,0,2,0,0,0,2,0,0,0,1,0,0,1,0,0,0,0,5,12,0,0,0,0,0,5,4,1,0,1,0,0,0,0,9,1,0
C:\Users\Susmi\Desktop\4-1\TermPaperTool\ta4j\ta4j\ta4j\src\test\java\eu\verdelhan\ta4j\indicators\oscillators\AwesomeOscillatorIndicatorTest.java,eu.verdelhan.ta4j.indicators.oscillators.AwesomeOscillatorIndicatorTest,class,10,10,0,10,4,1,0,5,0,0.0,0.0,0.0,4,0,4,0,0,0,4,0,0,0,1,0,0,1,0,0,0,0,15,36,0,0,0,0,0,2,53,5,1,5,0,0,0,0,28,1,0
C:\Users\Susmi\Desktop\4-1\TermPaperTool\ta4j\ta4j\ta4j\src\test\java\eu\verdelhan\ta4j\indicators\volume\AccumulationDistributionIndicatorTest.java,eu.verdelhan.ta4j.indicators.volume.AccumulationDistributionIndicatorTest,class,9,9,0,9,1,1,0,5,0,0.0,NaN,NaN,1,0,1,0,0,0,1,0,0,0,0,0,0,0,0,0,0,0,5,18,0,0,0,0,8,0,57,4,12,4,0,0,0,0,19,1,0
C:\Users\Susmi\Desktop\4-1\TermPaperTool\ta4j\ta4j\ta4j\src\main\java\eu\verdelhan\ta4j\indicators\simple\PriceVariationIndicator.java,eu.verdelhan.ta4j.indicators.simple.PriceVariationIndicator,class,5,7,2,5,2,3,0,5,0,0.0,0.0,0.0,2,0,1,0,1,0,2,0,0,0,1,0,0,1,0,0,0,0,1,12,1,0,0,0,0,0,2,3,1,3,0,0,0,0,17,1,0
C:\Users\Susmi\Desktop\4-1\TermPaperTool\ta4j\ta4j\ta4j\src\test\java\eu\verdelhan\ta4j\strategies\PipeEnterStrategyTest.java,eu.verdelhan.ta4j.strategies.PipeEnterStrategyTest,class,6,6,0,6,3,1,0,4,0,0.0,0.0,0.0,3,0,3,0,0,0,3,0,0,0,2,0,0,2,0,0,0,0,0,33,0,0,0,0,0,0,74,9,0,8,0,0,0,0,22,1,0
C:\Users\Susmi\Desktop\4-1\TermPaperTool\ta4j\ta4j\ta4j\src\main\java\eu\verdelhan\ta4j\indicators\helpers\AverageLossIndicator.java,eu.verdelhan.ta4j.indicators.helpers.AverageLossIndicator,class,4,6,2,4,5,3,0,12,0,0.16666667,0.0,0.0,3,0,2,0,1,0,3,0,0,0,2,0,0,2,0,0,2,0,3,22,2,1,0,0,0,1,5,6,6,5,2,0,0,0,22,1,0
C:\Users\Susmi\Desktop\4-1\TermPaperTool\ta4j\ta4j\ta4j-examples\src\main\java\ta4jexamples\analysis\StrategyAnalysis.java,ta4jexamples.analysis.StrategyAnalysis,class,15,15,0,15,1,1,0,14,0,0.0,NaN,NaN,1,1,1,0,0,0,1,0,0,0,0,0,0,0,0,0,0,0,2,18,0,0,0,0,0,10,2,4,10,4,0,0,0,0,54,1,0
C:\Users\Susmi\Desktop\4-1\TermPaperTool\ta4j\ta4j\ta4j-examples\src\main\java\ta4jexamples\walkforward\WalkForward.java,ta4jexamples.walkforward.WalkForward,class,11,12,1,11,4,1,0,20,1,0.0,0.0,0.0,2,2,2,0,0,0,2,0,0,0,0,0,0,0,0,0,0,0,6,28,1,2,0,0,0,9,2,10,3,10,2,0,0,0,38,1,0
C:\Users\Susmi\Desktop\4-1\TermPaperTool\ta4j\ta4j\ta4j\src\test\java\eu\verdelhan\ta4j\strategies\OppositeStrategyTest.java,eu.verdelhan.ta4j.strategies.OppositeStrategyTest,class,6,6,0,6,5,1,0,5,0,0.22222222,0.0,0.0,3,0,3,0,0,0,3,0,0,0,3,0,0,3,0,0,0,0,0,22,0,2,0,0,0,0,7,7,0,7,1,0,0,0,19,1,0
C:\Users\Susmi\Desktop\4-1\TermPaperTool\ta4j\ta4j\ta4j\src\main\java\eu\verdelhan\ta4j\indicators\trackers\DoubleEMAIndicator.java,eu.verdelhan.ta4j.indicators.trackers.DoubleEMAIndicator,class,5,6,1,5,2,3,0,5,0,0.0,0.0,0.0,2,0,1,0,1,0,2,0,0,0,2,0,0,2,0,0,2,0,0,13,1,0,0,0,0,0,0,3,0,3,0,0,0,0,19,1,0
C:\Users\Susmi\Desktop\4-1\TermPaperTool\ta4j\ta4j\ta4j\src\main\java\eu\verdelhan\ta4j\strategies\JustEnterOnceStrategy.java,eu.verdelhan.ta4j.strategies.JustEnterOnceStrategy,class,1,4,3,1,4,2,0,4,3,0.6666667,0.0,0.0,3,0,3,0,0,0,3,0,0,0,1,0,0,1,0,0,0,0,0,19,4,0,0,0,0,0,0,2,0,1,1,0,0,0,26,1,0
C:\Users\Susmi\Desktop\4-1\TermPaperTool\ta4j\ta4j\ta4j\src\main\java\eu\verdelhan\ta4j\Strategy.java,eu.verdelhan.ta4j.Strategy,interface,2,46,44,2,6,1,0,0,15,0.0,0.0,0.0,6,0,0,0,0,6,6,0,0,0,0,0,0,0,0,0,0,0,0,8,0,0,0,0,0,0,0,0,0,0,0,0,0,0,55,1,0
C:\Users\Susmi\Desktop\4-1\TermPaperTool\ta4j\ta4j\ta4j\src\test\java\eu\verdelhan\ta4j\strategies\CombinedEntryAndExitStrategyTest.java,eu.verdelhan.ta4j.strategies.CombinedEntryAndExitStrategyTest,class,9,9,0,9,4,1,0,7,0,0.26666668,0.0,0.0,3,0,3,0,0,0,3,0,0,0,5,0,0,5,0,0,0,0,0,51,0,1,0,0,0,0,40,15,0,9,1,0,0,0,30,1,0
C:\Users\Susmi\Desktop\4-1\TermPaperTool\ta4j\ta4j\ta4j\src\test\java\eu\verdelhan\ta4j\indicators\trackers\WilliamsRIndicatorTest.java,eu.verdelhan.ta4j.indicators.trackers.WilliamsRIndicatorTest,class,11,11,0,11,5,1,0,3,0,0.0,0.0,0.0,5,0,5,0,0,0,5,0,0,0,1,0,0,1,0,0,0,0,17,49,0,0,0,0,4,0,98,6,8,6,0,0,0,0,35,1,0
C:\Users\Susmi\Desktop\4-1\TermPaperTool\ta4j\ta4j\ta4j\src\main\java\eu\verdelhan\ta4j\strategies\OrStrategy.java,eu.verdelhan.ta4j.strategies.OrStrategy,class,2,4,2,2,4,2,0,5,0,0.0,0.0,0.0,4,0,4,0,0,0,4,0,0,0,2,0,0,2,0,0,0,0,1,21,3,0,0,0,0,1,0,4,0,4,0,0,0,0,29,1,0
C:\Users\Susmi\Desktop\4-1\TermPaperTool\ta4j\ta4j\ta4j\src\main\java\eu\verdelhan\ta4j\OperationType.java,eu.verdelhan.ta4j.OperationType,enum,1,7,6,1,1,1,0,0,0,0.0,NaN,NaN,1,0,1,0,0,0,1,1,0,0,0,0,0,0,0,0,0,0,0,13,0,0,0,0,0,0,0,0,0,0,0,2,0,0,22,1,0
C:\Users\Susmi\Desktop\4-1\TermPaperTool\ta4j\ta4j\ta4j\src\main\java\eu\verdelhan\ta4j\indicators\simple\MinPriceIndicator.java,eu.verdelhan.ta4j.indicators.simple.MinPriceIndicator,class,5,11,6,5,2,3,0,3,0,0.0,0.0,0.0,2,0,1,0,1,0,2,0,0,0,1,0,0,1,0,0,0,0,0,10,1,0,0,0,0,0,0,1,0,1,0,0,0,0,14,1,0
C:\Users\Susmi\Desktop\4-1\TermPaperTool\ta4j\ta4j\ta4j\src\test\java\eu\verdelhan\ta4j\indicators\trackers\ROCIndicatorTest.java,eu.verdelhan.ta4j.indicators.trackers.ROCIndicatorTest,class,8,8,0,8,3,1,0,3,0,0.25,0.0,0.0,2,0,2,0,0,0,2,0,0,0,2,0,0,2,0,0,0,0,5,18,0,1,0,0,0,0,39,5,1,5,1,0,0,0,25,1,0
C:\Users\Susmi\Desktop\4-1\TermPaperTool\ta4j\ta4j\ta4j\src\main\java\eu\verdelhan\ta4j\indicators\helpers\LowestValueIndicator.java,eu.verdelhan.ta4j.indicators.helpers.LowestValueIndicator,class,4,10,6,4,5,3,0,7,0,0.16666667,0.0,0.0,3,0,2,0,1,0,3,0,0,0,2,0,0,2,0,0,2,0,1,22,2,1,0,0,0,1,3,6,4,5,2,0,0,0,22,1,0
C:\Users\Susmi\Desktop\4-1\TermPaperTool\ta4j\ta4j\ta4j\src\test\java\eu\verdelhan\ta4j\indicators\trackers\EMAIndicatorTest.java,eu.verdelhan.ta4j.indicators.trackers.EMAIndicatorTest,class,9,9,0,9,7,1,0,4,0,0.0,0.0,0.0,6,0,6,0,0,0,6,0,0,0,1,0,0,1,0,0,0,0,6,31,0,1,0,0,0,2,30,8,0,8,1,0,0,0,38,1,0
C:\Users\Susmi\Desktop\4-1\TermPaperTool\ta4j\ta4j\ta4j\src\main\java\eu\verdelhan\ta4j\indicators\simple\MaxPriceIndicator.java,eu.verdelhan.ta4j.indicators.simple.MaxPriceIndicator,class,5,11,6,5,2,3,0,3,0,0.0,0.0,0.0,2,0,1,0,1,0,2,0,0,0,1,0,0,1,0,0,0,0,0,10,1,0,0,0,0,0,0,1,0,1,0,0,0,0,14,1,0
C:\Users\Susmi\Desktop\4-1\TermPaperTool\ta4j\ta4j\ta4j\src\main\java\eu\verdelhan\ta4j\indicators\helpers\AverageDirectionalMovementUpIndicator.java,eu.verdelhan.ta4j.indicators.helpers.AverageDirectionalMovementUpIndicator,class,5,7,2,5,4,3,0,8,0,0.16666667,0.0,0.0,3,0,2,0,1,0,3,0,0,0,2,0,0,2,0,0,2,0,2,20,3,0,1,0,0,1,3,4,3,4,1,0,0,0,31,1,0
C:\Users\Susmi\Desktop\4-1\TermPaperTool\ta4j\ta4j\ta4j\src\main\java\eu\verdelhan\ta4j\strategies\SupportStrategy.java,eu.verdelhan.ta4j.strategies.SupportStrategy,class,4,8,4,4,4,2,0,11,0,0.25,0.0,0.0,4,0,4,0,0,0,4,0,0,0,3,0,0,3,0,0,2,0,2,23,3,0,0,0,0,1,0,5,0,5,0,0,0,0,30,1,0
C:\Users\Susmi\Desktop\4-1\TermPaperTool\ta4j\ta4j\ta4j\src\test\java\eu\verdelhan\ta4j\indicators\helpers\AverageDirectionalMovementDownIndicatorTest.java,eu.verdelhan.ta4j.indicators.helpers.AverageDirectionalMovementDownIndicatorTest,class,7,7,0,7,1,1,0,4,0,0.0,NaN,NaN,1,0,1,0,0,0,1,0,0,0,0,0,0,0,0,0,0,0,5,22,0,0,0,0,3,0,54,8,23,8,0,0,0,0,25,1,0
C:\Users\Susmi\Desktop\4-1\TermPaperTool\ta4j\ta4j\ta4j\src\test\java\eu\verdelhan\ta4j\indicators\helpers\DirectionalDownIndicatorTest.java,eu.verdelhan.ta4j.indicators.helpers.DirectionalDownIndicatorTest,class,7,7,0,7,1,1,0,4,0,0.0,NaN,NaN,1,0,1,0,0,0,1,0,0,0,0,0,0,0,0,0,0,0,5,17,0,0,0,0,17,0,86,3,55,3,0,0,0,0,22,1,0
C:\Users\Susmi\Desktop\4-1\TermPaperTool\ta4j\ta4j\ta4j\src\main\java\eu\verdelhan\ta4j\indicators\helpers\AverageGainIndicator.java,eu.verdelhan.ta4j.indicators.helpers.AverageGainIndicator,class,4,6,2,4,5,3,0,12,0,0.16666667,0.0,0.0,3,0,2,0,1,0,3,0,0,0,2,0,0,2,0,0,2,0,3,22,2,1,0,0,0,1,5,6,6,5,2,0,0,0,22,1,0
C:\Users\Susmi\Desktop\4-1\TermPaperTool\ta4j\ta4j\ta4j\src\test\java\eu\verdelhan\ta4j\strategies\AlwaysOperateStrategyTest.java,eu.verdelhan.ta4j.strategies.AlwaysOperateStrategyTest,class,5,5,0,5,6,1,0,4,0,0.0,0.0,0.0,6,0,6,0,0,0,6,0,0,0,1,0,0,1,0,0,0,0,0,30,0,0,0,0,0,0,9,6,0,6,0,0,0,0,25,1,0
C:\Users\Susmi\Desktop\4-1\TermPaperTool\ta4j\ta4j\ta4j\src\main\java\eu\verdelhan\ta4j\strategies\IndicatorCrossedIndicatorStrategy.java,eu.verdelhan.ta4j.strategies.IndicatorCrossedIndicatorStrategy,class,3,8,5,3,4,2,0,4,0,0.5,0.0,0.0,4,0,4,0,0,0,4,0,0,0,4,0,0,4,0,0,2,0,1,25,3,0,0,0,0,1,0,6,0,6,0,0,0,0,32,1,0
C:\Users\Susmi\Desktop\4-1\TermPaperTool\ta4j\ta4j\ta4j\src\main\java\eu\verdelhan\ta4j\indicators\simple\AmountIndicator.java,eu.verdelhan.ta4j.indicators.simple.AmountIndicator,class,5,6,1,5,2,3,0,3,0,0.0,0.0,0.0,2,0,1,0,1,0,2,0,0,0,1,0,0,1,0,0,0,0,0,10,1,0,0,0,0,0,0,1,0,1,0,0,0,0,11,1,0
C:\Users\Susmi\Desktop\4-1\TermPaperTool\ta4j\ta4j\ta4j\src\main\java\eu\verdelhan\ta4j\OperationType.java,eu.verdelhan.ta4j.OperationType$Anonymous1,anonymous,1,1,0,1,1,1,0,0,0,0.0,NaN,NaN,1,0,1,0,0,0,1,0,0,0,0,0,0,0,0,0,0,0,0,5,1,0,0,0,0,0,0,0,0,0,0,0,0,0,6,-1,0
C:\Users\Susmi\Desktop\4-1\TermPaperTool\ta4j\ta4j\ta4j\src\test\java\eu\verdelhan\ta4j\indicators\trackers\bollingerbands\BollingerBandsLowerIndicatorTest.java,eu.verdelhan.ta4j.indicators.trackers.bollingerbands.BollingerBandsLowerIndicatorTest,class,11,11,0,11,3,1,0,3,0,0.16666667,0.0,0.0,3,0,3,0,0,0,3,0,0,0,4,0,0,4,0,0,0,0,9,31,0,0,0,0,0,0,32,10,0,10,0,0,0,0,37,1,0
C:\Users\Susmi\Desktop\4-1\TermPaperTool\ta4j\ta4j\ta4j\src\main\java\eu\verdelhan\ta4j\OperationType.java,eu.verdelhan.ta4j.OperationType$Anonymous2,anonymous,1,1,0,1,1,1,0,0,0,0.0,NaN,NaN,1,0,1,0,0,0,1,0,0,0,0,0,0,0,0,0,0,0,0,5,1,0,0,0,0,0,0,0,0,0,0,0,0,0,6,-1,0
C:\Users\Susmi\Desktop\4-1\TermPaperTool\ta4j\ta4j\ta4j\src\test\java\eu\verdelhan\ta4j\indicators\trackers\SMAIndicatorTest.java,eu.verdelhan.ta4j.indicators.trackers.SMAIndicatorTest,class,9,9,0,9,5,1,0,7,0,0.0,0.0,0.0,4,0,4,0,0,0,4,0,0,0,1,0,0,1,0,0,0,0,14,32,0,1,0,0,0,0,51,5,6,5,1,0,0,0,32,1,0
C:\Users\Susmi\Desktop\4-1\TermPaperTool\ta4j\ta4j\ta4j\src\main\java\eu\verdelhan\ta4j\analysis\criteria\RewardRiskRatioCriterion.java,eu.verdelhan.ta4j.analysis.criteria.RewardRiskRatioCriterion,class,7,12,5,7,4,2,0,3,3,0.6666667,0.0,0.0,3,0,3,0,0,0,3,0,0,0,2,0,0,2,0,0,0,0,0,15,3,0,0,0,0,0,0,3,1,3,0,0,0,0,30,1,0
C:\Users\Susmi\Desktop\4-1\TermPaperTool\ta4j\ta4j\ta4j\src\main\java\eu\verdelhan\ta4j\analysis\CashFlow.java,eu.verdelhan.ta4j.analysis.CashFlow,class,7,12,5,7,10,1,0,17,0,0.4,0.0,0.0,5,0,4,1,0,0,4,0,0,0,3,0,0,3,0,0,2,0,3,43,3,2,0,0,2,0,6,8,7,7,3,0,0,0,43,1,0
C:\Users\Susmi\Desktop\4-1\TermPaperTool\ta4j\ta4j\ta4j\src\main\java\eu\verdelhan\ta4j\strategies\StopLossStrategy.java,eu.verdelhan.ta4j.strategies.StopLossStrategy,class,4,6,2,4,5,2,0,14,0,0.25,0.0,0.0,4,0,4,0,0,0,4,0,0,0,4,0,0,4,0,0,0,0,2,27,3,0,0,0,1,2,0,6,1,6,1,0,0,0,32,1,0
C:\Users\Susmi\Desktop\4-1\TermPaperTool\ta4j\ta4j\ta4j-examples\src\main\java\ta4jexamples\logging\StrategyExecutionLogging.java,ta4jexamples.logging.StrategyExecutionLogging,class,7,8,1,7,3,1,0,13,1,0.5,NaN,NaN,2,2,1,1,0,0,1,0,0,0,1,1,0,1,0,0,1,0,4,21,0,0,0,1,0,2,0,5,0,5,1,0,0,0,57,1,0
C:\Users\Susmi\Desktop\4-1\TermPaperTool\ta4j\ta4j\ta4j\src\test\java\eu\verdelhan\ta4j\indicators\trackers\AccelerationDecelerationIndicatorTest.java,eu.verdelhan.ta4j.indicators.trackers.AccelerationDecelerationIndicatorTest,class,9,9,0,9,4,1,0,4,0,0.0,0.0,0.0,4,0,4,0,0,0,4,0,0,0,1,0,0,1,0,0,0,0,15,36,0,0,0,0,0,0,54,5,0,5,0,0,0,0,26,1,0
C:\Users\Susmi\Desktop\4-1\TermPaperTool\ta4j\ta4j\ta4j\src\test\java\eu\verdelhan\ta4j\indicators\CachedIndicatorTest.java,eu.verdelhan.ta4j.indicators.CachedIndicatorTest,class,10,10,0,10,3,1,0,4,1,0.33333334,0.0,0.0,3,0,3,0,0,0,3,0,0,0,1,0,0,1,0,0,0,0,2,19,0,0,0,0,0,0,21,7,0,7,0,0,0,0,30,1,0
C:\Users\Susmi\Desktop\4-1\TermPaperTool\ta4j\ta4j\ta4j\src\test\java\eu\verdelhan\ta4j\mocks\MockIndicator.java,eu.verdelhan.ta4j.mocks.MockIndicator,class,3,5,2,3,5,1,0,5,4,0.4,0.0,0.0,5,0,5,0,0,0,5,0,0,0,1,0,0,1,0,0,0,0,1,18,3,0,0,0,0,0,0,1,0,1,0,0,0,0,21,1,0
C:\Users\Susmi\Desktop\4-1\TermPaperTool\ta4j\ta4j\ta4j\src\test\java\eu\verdelhan\ta4j\indicators\helpers\TrueRangeIndicatorTest.java,eu.verdelhan.ta4j.indicators.helpers.TrueRangeIndicatorTest,class,7,7,0,7,1,1,0,3,0,0.0,NaN,NaN,1,0,1,0,0,0,1,0,0,0,0,0,0,0,0,0,0,0,5,16,0,0,0,0,0,0,30,2,0,2,0,0,0,0,15,1,0
